row_id,split
1_1990,train
1_1991,train
1_1992,train
1_1993,train
1_1994,train
1_1995,train
1_1996,train
1_1997,train
1_1998,train
1_1999,train
1_2000,train
1_2001,train
1_2002,train
1_2003,train
1_2004,train
1_2005,train
1_2006,train
1_2007,train
1_2008,train
1_2009,train
1_2010,train
1_2011,train
1_2012,validation
1_2013,validation
1_2014,test
1_2015,test
2_1990,train
2_1991,train
2_1992,train
2_1993,train
2_1994,train
2_1995,train
2_1996,train
2_1997,train
2_1998,train
2_1999,train
2_2000,train
2_2001,train
2_2002,train
2_2003,train
2_2004,train
2_2005,train
2_2006,train
2_2007,train
2_2008,train
2_2009,train
2_2010,train
2_2011,train
2_2012,validation
2_2013,validation
2_2014,test
2_2015,test
3_1990,train
3_1991,train
3_1992,train
3_1993,train
3_1994,train
3_1995,train
3_1996,train
3_1997,train
3_1998,train
3_1999,train
3_2000,train
3_2001,train
3_2002,train
3_2003,train
3_2004,train
3_2005,train
3_2006,train
3_2007,train
3_2008,train
3_2009,train
3_2010,train
3_2011,train
3_2012,validation
3_2013,validation
3_2014,test
3_2015,test
4_1990,train
4_1991,train
4_1992,train
4_1993,train
4_1994,train
4_1995,train
4_1996,train
4_1997,train
4_1998,train
4_1999,train
4_2000,train
4_2001,train
4_2002,train
4_2003,train
4_2004,train
4_2005,train
4_2006,train
4_2007,train
4_2008,train
4_2009,train
4_2010,train
4_2011,train
4_2012,validation
4_2013,validation
4_2014,test
4_2015,test
5_1990,train
5_1991,train
5_1992,train
5_1993,train
5_1994,train
5_1995,train
5_1996,train
5_1997,train
5_1998,train
5_1999,train
5_2000,train
5_2001,train
5_2002,train
5_2003,train
5_2004,train
5_2005,train
5_2006,train
5_2007,train
5_2008,train
5_2009,train
5_2010,train
5_2011,train
5_2012,validation
5_2013,validation
5_2014,test
5_2015,test
6_1990,train
6_1991,train
6_1992,train
6_1993,train
6_1994,train
6_1995,train
6_1996,train
6_1997,train
6_1998,train
6_1999,train
6_2000,train
6_2001,train
6_2002,train
6_2003,train
6_2004,train
6_2005,train
6_2006,train
6_2007,train
6_2008,train
6_2009,train
6_2010,train
6_2011,train
6_2012,validation
6_2013,validation
6_2014,test
6_2015,test
7_1990,train
7_1991,train
7_1992,train
7_1993,train
7_1994,train
7_1995,train
7_1996,train
7_1997,train
7_1998,train
7_1999,train
7_2000,train
7_2001,train
7_2002,train
7_2003,train
7_2004,train
7_2005,train
7_2006,train
7_2007,train
7_2008,train
7_2009,train
7_2010,train
7_2011,train
7_2012,validation
7_2013,validation
7_2014,test
7_2015,test
8_1990,train
8_1991,train
8_1992,train
8_1993,train
8_1994,train
8_1995,train
8_1996,train
8_1997,train
8_1998,train
8_1999,train
8_2000,train
8_2001,train
8_2002,train
8_2003,train
8_2004,train
8_2005,train
8_2006,train
8_2007,train
8_2008,train
8_2009,train
8_2010,train
8_2011,train
8_2012,validation
8_2013,validation
8_2014,test
8_2015,test
9_1990,train
9_1991,train
9_1992,train
9_1993,train
9_1994,train
9_1995,train
9_1996,train
9_1997,train
9_1998,train
9_1999,train
9_2000,train
9_2001,train
9_2002,train
9_2003,train
9_2004,train
9_2005,train
9_2006,train
9_2007,train
9_2008,train
9_2009,train
9_2010,train
9_2011,train
9_2012,validation
9_2013,validation
9_2014,test
9_2015,test
10_1990,train
10_1991,train
10_1992,train
10_1993,train
10_1994,train
10_1995,train
10_1996,train
10_1997,train
10_1998,train
10_1999,train
10_2000,train
10_2001,train
10_2002,train
10_2003,train
10_2004,train
10_2005,train
10_2006,train
10_2007,train
10_2008,train
10_2009,train
10_2010,train
10_2011,train
10_2012,validation
10_2013,validation
10_2014,test
10_2015,test
11_1990,train
11_1991,train
11_1992,train
11_1993,train
11_1994,train
11_1995,train
11_1996,train
11_1997,train
11_1998,train
11_1999,train
11_2000,train
11_2001,train
11_2002,train
11_2003,train
11_2004,train
11_2005,train
11_2006,train
11_2007,train
11_2008,train
11_2009,train
11_2010,train
11_2011,train
11_2012,validation
11_2013,validation
11_2014,test
11_2015,test
12_1990,train
12_1991,train
12_1992,train
12_1993,train
12_1994,train
12_1995,train
12_1996,train
12_1997,train
12_1998,train
12_1999,train
12_2000,train
12_2001,train
12_2002,train
12_2003,train
12_2004,train
12_2005,train
12_2006,train
12_2007,train
12_2008,train
12_2009,train
12_2010,train
12_2011,train
12_2012,validation
12_2013,validation
12_2014,test
12_2015,test
13_1990,train
13_1991,train
13_1992,train
13_1993,train
13_1994,train
13_1995,train
13_1996,train
13_1997,train
13_1998,train
13_1999,train
13_2000,train
13_2001,train
13_2002,train
13_2003,train
13_2004,train
13_2005,train
13_2006,train
13_2007,train
13_2008,train
13_2009,train
13_2010,train
13_2011,train
13_2012,validation
13_2013,validation
13_2014,test
13_2015,test
14_1990,train
14_1991,train
14_1992,train
14_1993,train
14_1994,train
14_1995,train
14_1996,train
14_1997,train
14_1998,train
14_1999,train
14_2000,train
14_2001,train
14_2002,train
14_2003,train
14_2004,train
14_2005,train
14_2006,train
14_2007,train
14_2008,train
14_2009,train
14_2010,train
14_2011,train
14_2012,validation
14_2013,validation
14_2014,test
14_2015,test
15_1990,train
15_1991,train
15_1992,train
15_1993,train
15_1994,train
15_1995,train
15_1996,train
15_1997,train
15_1998,train
15_1999,train
15_2000,train
15_2001,train
15_2002,train
15_2003,train
15_2004,train
15_2005,train
15_2006,train
15_2007,train
15_2008,train
15_2009,train
15_2010,train
15_2011,train
15_2012,validation
15_2013,validation
15_2014,test
15_2015,test
16_1990,train
16_1991,train
16_1992,train
16_1993,train
16_1994,train
16_1995,train
16_1996,train
16_1997,train
16_1998,train
16_1999,train
16_2000,train
16_2001,train
16_2002,train
16_2003,train
16_2004,train
16_2005,train
16_2006,train
16_2007,train
16_2008,train
16_2009,train
16_2010,train
16_2011,train
16_2012,validation
16_2013,validation
16_2014,test
16_2015,test
17_1990,train
17_1991,train
17_1992,train
17_1993,train
17_1994,train
17_1995,train
17_1996,train
17_1997,train
17_1998,train
17_1999,train
17_2000,train
17_2001,train
17_2002,train
17_2003,train
17_2004,train
17_2005,train
17_2006,train
17_2007,train
17_2008,train
17_2009,train
17_2010,train
17_2011,train
17_2012,validation
17_2013,validation
17_2014,test
17_2015,test
18_1990,train
18_1991,train
18_1992,train
18_1993,train
18_1994,train
18_1995,train
18_1996,train
18_1997,train
18_1998,train
18_1999,train
18_2000,train
18_2001,train
18_2002,train
18_2003,train
18_2004,train
18_2005,train
18_2006,train
18_2007,train
18_2008,train
18_2009,train
18_2010,train
18_2011,train
18_2012,validation
18_2013,validation
18_2014,test
18_2015,test
19_1990,train
19_1991,train
19_1992,train
19_1993,train
19_1994,train
19_1995,train
19_1996,train
19_1997,train
19_1998,train
19_1999,train
19_2000,train
19_2001,train
19_2002,train
19_2003,train
19_2004,train
19_2005,train
19_2006,train
19_2007,train
19_2008,train
19_2009,train
19_2010,train
19_2011,train
19_2012,validation
19_2013,validation
19_2014,test
19_2015,test
20_1990,train
20_1991,train
20_1992,train
20_1993,train
20_1994,train
20_1995,train
20_1996,train
20_1997,train
20_1998,train
20_1999,train
20_2000,train
20_2001,train
20_2002,train
20_2003,train
20_2004,train
20_2005,train
20_2006,train
20_2007,train
20_2008,train
20_2009,train
20_2010,train
20_2011,train
20_2012,validation
20_2013,validation
20_2014,test
20_2015,test
21_1990,train
21_1991,train
21_1992,train
21_1993,train
21_1994,train
21_1995,train
21_1996,train
21_1997,train
21_1998,train
21_1999,train
21_2000,train
21_2001,train
21_2002,train
21_2003,train
21_2004,train
21_2005,train
21_2006,train
21_2007,train
21_2008,train
21_2009,train
21_2010,train
21_2011,train
21_2012,validation
21_2013,validation
21_2014,test
21_2015,test
22_1990,train
22_1991,train
22_1992,train
22_1993,train
22_1994,train
22_1995,train
22_1996,train
22_1997,train
22_1998,train
22_1999,train
22_2000,train
22_2001,train
22_2002,train
22_2003,train
22_2004,train
22_2005,train
22_2006,train
22_2007,train
22_2008,train
22_2009,train
22_2010,train
22_2011,train
22_2012,validation
22_2013,validation
22_2014,test
22_2015,test
23_1990,train
23_1991,train
23_1992,train
23_1993,train
23_1994,train
23_1995,train
23_1996,train
23_1997,train
23_1998,train
23_1999,train
23_2000,train
23_2001,train
23_2002,train
23_2003,train
23_2004,train
23_2005,train
23_2006,train
23_2007,train
23_2008,train
23_2009,train
23_2010,train
23_2011,train
23_2012,validation
23_2013,validation
23_2014,test
23_2015,test
24_1990,train
24_1991,train
24_1992,train
24_1993,train
24_1994,train
24_1995,train
24_1996,train
24_1997,train
24_1998,train
24_1999,train
24_2000,train
24_2001,train
24_2002,train
24_2003,train
24_2004,train
24_2005,train
24_2006,train
24_2007,train
24_2008,train
24_2009,train
24_2010,train
24_2011,train
24_2012,validation
24_2013,validation
24_2014,test
24_2015,test
25_1990,train
25_1991,train
25_1992,train
25_1993,train
25_1994,train
25_1995,train
25_1996,train
25_1997,train
25_1998,train
25_1999,train
25_2000,train
25_2001,train
25_2002,train
25_2003,train
25_2004,train
25_2005,train
25_2006,train
25_2007,train
25_2008,train
25_2009,train
25_2010,train
25_2011,train
25_2012,validation
25_2013,validation
25_2014,test
25_2015,test
26_1990,train
26_1991,train
26_1992,train
26_1993,train
26_1994,train
26_1995,train
26_1996,train
26_1997,train
26_1998,train
26_1999,train
26_2000,train
26_2001,train
26_2002,train
26_2003,train
26_2004,train
26_2005,train
26_2006,train
26_2007,train
26_2008,train
26_2009,train
26_2010,train
26_2011,train
26_2012,validation
26_2013,validation
26_2014,test
26_2015,test
27_1990,train
27_1991,train
27_1992,train
27_1993,train
27_1994,train
27_1995,train
27_1996,train
27_1997,train
27_1998,train
27_1999,train
27_2000,train
27_2001,train
27_2002,train
27_2003,train
27_2004,train
27_2005,train
27_2006,train
27_2007,train
27_2008,train
27_2009,train
27_2010,train
27_2011,train
27_2012,validation
27_2013,validation
27_2014,test
27_2015,test
28_1990,train
28_1991,train
28_1992,train
28_1993,train
28_1994,train
28_1995,train
28_1996,train
28_1997,train
28_1998,train
28_1999,train
28_2000,train
28_2001,train
28_2002,train
28_2003,train
28_2004,train
28_2005,train
28_2006,train
28_2007,train
28_2008,train
28_2009,train
28_2010,train
28_2011,train
28_2012,validation
28_2013,validation
28_2014,test
28_2015,test
29_1990,train
29_1991,train
29_1992,train
29_1993,train
29_1994,train
29_1995,train
29_1996,train
29_1997,train
29_1998,train
29_1999,train
29_2000,train
29_2001,train
29_2002,train
29_2003,train
29_2004,train
29_2005,train
29_2006,train
29_2007,train
29_2008,train
29_2009,train
29_2010,train
29_2011,train
29_2012,validation
29_2013,validation
29_2014,test
29_2015,test
30_1990,train
30_1991,train
30_1992,train
30_1993,train
30_1994,train
30_1995,train
30_1996,train
30_1997,train
30_1998,train
30_1999,train
30_2000,train
30_2001,train
30_2002,train
30_2003,train
30_2004,train
30_2005,train
30_2006,train
30_2007,train
30_2008,train
30_2009,train
30_2010,train
30_2011,train
30_2012,validation
30_2013,validation
30_2014,test
30_2015,test
31_1990,train
31_1991,train
31_1992,train
31_1993,train
31_1994,train
31_1995,train
31_1996,train
31_1997,train
31_1998,train
31_1999,train
31_2000,train
31_2001,train
31_2002,train
31_2003,train
31_2004,train
31_2005,train
31_2006,train
31_2007,train
31_2008,train
31_2009,train
31_2010,train
31_2011,train
31_2012,validation
31_2013,validation
31_2014,test
31_2015,test
32_1990,train
32_1991,train
32_1992,train
32_1993,train
32_1994,train
32_1995,train
32_1996,train
32_1997,train
32_1998,train
32_1999,train
32_2000,train
32_2001,train
32_2002,train
32_2003,train
32_2004,train
32_2005,train
32_2006,train
32_2007,train
32_2008,train
32_2009,train
32_2010,train
32_2011,train
32_2012,validation
32_2013,validation
32_2014,test
32_2015,test
33_1990,train
33_1991,train
33_1992,train
33_1993,train
33_1994,train
33_1995,train
33_1996,train
33_1997,train
33_1998,train
33_1999,train
33_2000,train
33_2001,train
33_2002,train
33_2003,train
33_2004,train
33_2005,train
33_2006,train
33_2007,train
33_2008,train
33_2009,train
33_2010,train
33_2011,train
33_2012,validation
33_2013,validation
33_2014,test
33_2015,test
34_1990,train
34_1991,train
34_1992,train
34_1993,train
34_1994,train
34_1995,train
34_1996,train
34_1997,train
34_1998,train
34_1999,train
34_2000,train
34_2001,train
34_2002,train
34_2003,train
34_2004,train
34_2005,train
34_2006,train
34_2007,train
34_2008,train
34_2009,train
34_2010,train
34_2011,train
34_2012,validation
34_2013,validation
34_2014,test
34_2015,test
35_1990,train
35_1991,train
35_1992,train
35_1993,train
35_1994,train
35_1995,train
35_1996,train
35_1997,train
35_1998,train
35_1999,train
35_2000,train
35_2001,train
35_2002,train
35_2003,train
35_2004,train
35_2005,train
35_2006,train
35_2007,train
35_2008,train
35_2009,train
35_2010,train
35_2011,train
35_2012,validation
35_2013,validation
35_2014,test
35_2015,test
36_1990,train
36_1991,train
36_1992,train
36_1993,train
36_1994,train
36_1995,train
36_1996,train
36_1997,train
36_1998,train
36_1999,train
36_2000,train
36_2001,train
36_2002,train
36_2003,train
36_2004,train
36_2005,train
36_2006,train
36_2007,train
36_2008,train
36_2009,train
36_2010,train
36_2011,train
36_2012,validation
36_2013,validation
36_2014,test
36_2015,test
37_1990,train
37_1991,train
37_1992,train
37_1993,train
37_1994,train
37_1995,train
37_1996,train
37_1997,train
37_1998,train
37_1999,train
37_2000,train
37_2001,train
37_2002,train
37_2003,train
37_2004,train
37_2005,train
37_2006,train
37_2007,train
37_2008,train
37_2009,train
37_2010,train
37_2011,train
37_2012,validation
37_2013,validation
37_2014,test
37_2015,test
38_1990,train
38_1991,train
38_1992,train
38_1993,train
38_1994,train
38_1995,train
38_1996,train
38_1997,train
38_1998,train
38_1999,train
38_2000,train
38_2001,train
38_2002,train
38_2003,train
38_2004,train
38_2005,train
38_2006,train
38_2007,train
38_2008,train
38_2009,train
38_2010,train
38_2011,train
38_2012,validation
38_2013,validation
38_2014,test
38_2015,test
39_1990,train
39_1991,train
39_1992,train
39_1993,train
39_1994,train
39_1995,train
39_1996,train
39_1997,train
39_1998,train
39_1999,train
39_2000,train
39_2001,train
39_2002,train
39_2003,train
39_2004,train
39_2005,train
39_2006,train
39_2007,train
39_2008,train
39_2009,train
39_2010,train
39_2011,train
39_2012,validation
39_2013,validation
39_2014,test
39_2015,test
40_1990,train
40_1991,train
40_1992,train
40_1993,train
40_1994,train
40_1995,train
40_1996,train
40_1997,train
40_1998,train
40_1999,train
40_2000,train
40_2001,train
40_2002,train
40_2003,train
40_2004,train
40_2005,train
40_2006,train
40_2007,train
40_2008,train
40_2009,train
40_2010,train
40_2011,train
40_2012,validation
40_2013,validation
40_2014,test
40_2015,test
41_1990,train
41_1991,train
41_1992,train
41_1993,train
41_1994,train
41_1995,train
41_1996,train
41_1997,train
41_1998,train
41_1999,train
41_2000,train
41_2001,train
41_2002,train
41_2003,train
41_2004,train
41_2005,train
41_2006,train
41_2007,train
41_2008,train
41_2009,train
41_2010,train
41_2011,train
41_2012,validation
41_2013,validation
41_2014,test
41_2015,test
42_1990,train
42_1991,train
42_1992,train
42_1993,train
42_1994,train
42_1995,train
42_1996,train
42_1997,train
42_1998,train
42_1999,train
42_2000,train
42_2001,train
42_2002,train
42_2003,train
42_2004,train
42_2005,train
42_2006,train
42_2007,train
42_2008,train
42_2009,train
42_2010,train
42_2011,train
42_2012,validation
42_2013,validation
42_2014,test
42_2015,test
43_1990,train
43_1991,train
43_1992,train
43_1993,train
43_1994,train
43_1995,train
43_1996,train
43_1997,train
43_1998,train
43_1999,train
43_2000,train
43_2001,train
43_2002,train
43_2003,train
43_2004,train
43_2005,train
43_2006,train
43_2007,train
43_2008,train
43_2009,train
43_2010,train
43_2011,train
43_2012,validation
43_2013,validation
43_2014,test
43_2015,test
44_1990,train
44_1991,train
44_1992,train
44_1993,train
44_1994,train
44_1995,train
44_1996,train
44_1997,train
44_1998,train
44_1999,train
44_2000,train
44_2001,train
44_2002,train
44_2003,train
44_2004,train
44_2005,train
44_2006,train
44_2007,train
44_2008,train
44_2009,train
44_2010,train
44_2011,train
44_2012,validation
44_2013,validation
44_2014,test
44_2015,test
45_1990,train
45_1991,train
45_1992,train
45_1993,train
45_1994,train
45_1995,train
45_1996,train
45_1997,train
45_1998,train
45_1999,train
45_2000,train
45_2001,train
45_2002,train
45_2003,train
45_2004,train
45_2005,train
45_2006,train
45_2007,train
45_2008,train
45_2009,train
45_2010,train
45_2011,train
45_2012,validation
45_2013,validation
45_2014,test
45_2015,test
46_1990,train
46_1991,train
46_1992,train
46_1993,train
46_1994,train
46_1995,train
46_1996,train
46_1997,train
46_1998,train
46_1999,train
46_2000,train
46_2001,train
46_2002,train
46_2003,train
46_2004,train
46_2005,train
46_2006,train
46_2007,train
46_2008,train
46_2009,train
46_2010,train
46_2011,train
46_2012,validation
46_2013,validation
46_2014,test
46_2015,test
47_1990,train
47_1991,train
47_1992,train
47_1993,train
47_1994,train
47_1995,train
47_1996,train
47_1997,train
47_1998,train
47_1999,train
47_2000,train
47_2001,train
47_2002,train
47_2003,train
47_2004,train
47_2005,train
47_2006,train
47_2007,train
47_2008,train
47_2009,train
47_2010,train
47_2011,train
47_2012,validation
47_2013,validation
47_2014,test
47_2015,test
48_1990,train
48_1991,train
48_1992,train
48_1993,train
48_1994,train
48_1995,train
48_1996,train
48_1997,train
48_1998,train
48_1999,train
48_2000,train
48_2001,train
48_2002,train
48_2003,train
48_2004,train
48_2005,train
48_2006,train
48_2007,train
48_2008,train
48_2009,train
48_2010,train
48_2011,train
48_2012,validation
48_2013,validation
48_2014,test
48_2015,test
49_1990,train
49_1991,train
49_1992,train
49_1993,train
49_1994,train
49_1995,train
49_1996,train
49_1997,train
49_1998,train
49_1999,train
49_2000,train
49_2001,train
49_2002,train
49_2003,train
49_2004,train
49_2005,train
49_2006,train
49_2007,train
49_2008,train
49_2009,train
49_2010,train
49_2011,train
49_2012,validation
49_2013,validation
49_2014,test
49_2015,test
50_1990,train
50_1991,train
50_1992,train
50_1993,train
50_1994,train
50_1995,train
50_1996,train
50_1997,train
50_1998,train
50_1999,train
50_2000,train
50_2001,train
50_2002,train
50_2003,train
50_2004,train
50_2005,train
50_2006,train
50_2007,train
50_2008,train
50_2009,train
50_2010,train
50_2011,train
50_2012,validation
50_2013,validation
50_2014,test
50_2015,test
51_1990,train
51_1991,train
51_1992,train
51_1993,train
51_1994,train
51_1995,train
51_1996,train
51_1997,train
51_1998,train
51_1999,train
51_2000,train
51_2001,train
51_2002,train
51_2003,train
51_2004,train
51_2005,train
51_2006,train
51_2007,train
51_2008,train
51_2009,train
51_2010,train
51_2011,train
51_2012,validation
51_2013,validation
51_2014,test
51_2015,test
52_1990,train
52_1991,train
52_1992,train
52_1993,train
52_1994,train
52_1995,train
52_1996,train
52_1997,train
52_1998,train
52_1999,train
52_2000,train
52_2001,train
52_2002,train
52_2003,train
52_2004,train
52_2005,train
52_2006,train
52_2007,train
52_2008,train
52_2009,train
52_2010,train
52_2011,train
52_2012,validation
52_2013,validation
52_2014,test
52_2015,test
53_1990,train
53_1991,train
53_1992,train
53_1993,train
53_1994,train
53_1995,train
53_1996,train
53_1997,train
53_1998,train
53_1999,train
53_2000,train
53_2001,train
53_2002,train
53_2003,train
53_2004,train
53_2005,train
53_2006,train
53_2007,train
53_2008,train
53_2009,train
53_2010,train
53_2011,train
53_2012,validation
53_2013,validation
53_2014,test
53_2015,test
54_1990,train
54_1991,train
54_1992,train
54_1993,train
54_1994,train
54_1995,train
54_1996,train
54_1997,train
54_1998,train
54_1999,train
54_2000,train
54_2001,train
54_2002,train
54_2003,train
54_2004,train
54_2005,train
54_2006,train
54_2007,train
54_2008,train
54_2009,train
54_2010,train
54_2011,train
54_2012,validation
54_2013,validation
54_2014,test
54_2015,test
55_1990,train
55_1991,train
55_1992,train
55_1993,train
55_1994,train
55_1995,train
55_1996,train
55_1997,train
55_1998,train
55_1999,train
55_2000,train
55_2001,train
55_2002,train
55_2003,train
55_2004,train
55_2005,train
55_2006,train
55_2007,train
55_2008,train
55_2009,train
55_2010,train
55_2011,train
55_2012,validation
55_2013,validation
55_2014,test
55_2015,test
56_1990,train
56_1991,train
56_1992,train
56_1993,train
56_1994,train
56_1995,train
56_1996,train
56_1997,train
56_1998,train
56_1999,train
56_2000,train
56_2001,train
56_2002,train
56_2003,train
56_2004,train
56_2005,train
56_2006,train
56_2007,train
56_2008,train
56_2009,train
56_2010,train
56_2011,train
56_2012,validation
56_2013,validation
56_2014,test
56_2015,test
57_1990,train
57_1991,train
57_1992,train
57_1993,train
57_1994,train
57_1995,train
57_1996,train
57_1997,train
57_1998,train
57_1999,train
57_2000,train
57_2001,train
57_2002,train
57_2003,train
57_2004,train
57_2005,train
57_2006,train
57_2007,train
57_2008,train
57_2009,train
57_2010,train
57_2011,train
57_2012,validation
57_2013,validation
57_2014,test
57_2015,test
58_1990,train
58_1991,train
58_1992,train
58_1993,train
58_1994,train
58_1995,train
58_1996,train
58_1997,train
58_1998,train
58_1999,train
58_2000,train
58_2001,train
58_2002,train
58_2003,train
58_2004,train
58_2005,train
58_2006,train
58_2007,train
58_2008,train
58_2009,train
58_2010,train
58_2011,train
58_2012,validation
58_2013,validation
58_2014,test
58_2015,test
59_1990,train
59_1991,train
59_1992,train
59_1993,train
59_1994,train
59_1995,train
59_1996,train
59_1997,train
59_1998,train
59_1999,train
59_2000,train
59_2001,train
59_2002,train
59_2003,train
59_2004,train
59_2005,train
59_2006,train
59_2007,train
59_2008,train
59_2009,train
59_2010,train
59_2011,train
59_2012,validation
59_2013,validation
59_2014,test
59_2015,test
60_1990,train
60_1991,train
60_1992,train
60_1993,train
60_1994,train
60_1995,train
60_1996,train
60_1997,train
60_1998,train
60_1999,train
60_2000,train
60_2001,train
60_2002,train
60_2003,train
60_2004,train
60_2005,train
60_2006,train
60_2007,train
60_2008,train
60_2009,train
60_2010,train
60_2011,train
60_2012,validation
60_2013,validation
60_2014,test
60_2015,test
61_1990,train
61_1991,train
61_1992,train
61_1993,train
61_1994,train
61_1995,train
61_1996,train
61_1997,train
61_1998,train
61_1999,train
61_2000,train
61_2001,train
61_2002,train
61_2003,train
61_2004,train
61_2005,train
61_2006,train
61_2007,train
61_2008,train
61_2009,train
61_2010,train
61_2011,train
61_2012,validation
61_2013,validation
61_2014,test
61_2015,test
62_1990,train
62_1991,train
62_1992,train
62_1993,train
62_1994,train
62_1995,train
62_1996,train
62_1997,train
62_1998,train
62_1999,train
62_2000,train
62_2001,train
62_2002,train
62_2003,train
62_2004,train
62_2005,train
62_2006,train
62_2007,train
62_2008,train
62_2009,train
62_2010,train
62_2011,train
62_2012,validation
62_2013,validation
62_2014,test
62_2015,test
63_1990,train
63_1991,train
63_1992,train
63_1993,train
63_1994,train
63_1995,train
63_1996,train
63_1997,train
63_1998,train
63_1999,train
63_2000,train
63_2001,train
63_2002,train
63_2003,train
63_2004,train
63_2005,train
63_2006,train
63_2007,train
63_2008,train
63_2009,train
63_2010,train
63_2011,train
63_2012,validation
63_2013,validation
63_2014,test
63_2015,test
64_1990,train
64_1991,train
64_1992,train
64_1993,train
64_1994,train
64_1995,train
64_1996,train
64_1997,train
64_1998,train
64_1999,train
64_2000,train
64_2001,train
64_2002,train
64_2003,train
64_2004,train
64_2005,train
64_2006,train
64_2007,train
64_2008,train
64_2009,train
64_2010,train
64_2011,train
64_2012,validation
64_2013,validation
64_2014,test
64_2015,test
65_1990,train
65_1991,train
65_1992,train
65_1993,train
65_1994,train
65_1995,train
65_1996,train
65_1997,train
65_1998,train
65_1999,train
65_2000,train
65_2001,train
65_2002,train
65_2003,train
65_2004,train
65_2005,train
65_2006,train
65_2007,train
65_2008,train
65_2009,train
65_2010,train
65_2011,train
65_2012,validation
65_2013,validation
65_2014,test
65_2015,test
66_1990,train
66_1991,train
66_1992,train
66_1993,train
66_1994,train
66_1995,train
66_1996,train
66_1997,train
66_1998,train
66_1999,train
66_2000,train
66_2001,train
66_2002,train
66_2003,train
66_2004,train
66_2005,train
66_2006,train
66_2007,train
66_2008,train
66_2009,train
66_2010,train
66_2011,train
66_2012,validation
66_2013,validation
66_2014,test
66_2015,test
67_1990,train
67_1991,train
67_1992,train
67_1993,train
67_1994,train
67_1995,train
67_1996,train
67_1997,train
67_1998,train
67_1999,train
67_2000,train
67_2001,train
67_2002,train
67_2003,train
67_2004,train
67_2005,train
67_2006,train
67_2007,train
67_2008,train
67_2009,train
67_2010,train
67_2011,train
67_2012,validation
67_2013,validation
67_2014,test
67_2015,test
68_1990,train
68_1991,train
68_1992,train
68_1993,train
68_1994,train
68_1995,train
68_1996,train
68_1997,train
68_1998,train
68_1999,train
68_2000,train
68_2001,train
68_2002,train
68_2003,train
68_2004,train
68_2005,train
68_2006,train
68_2007,train
68_2008,train
68_2009,train
68_2010,train
68_2011,train
68_2012,validation
68_2013,validation
68_2014,test
68_2015,test
69_1990,train
69_1991,train
69_1992,train
69_1993,train
69_1994,train
69_1995,train
69_1996,train
69_1997,train
69_1998,train
69_1999,train
69_2000,train
69_2001,train
69_2002,train
69_2003,train
69_2004,train
69_2005,train
69_2006,train
69_2007,train
69_2008,train
69_2009,train
69_2010,train
69_2011,train
69_2012,validation
69_2013,validation
69_2014,test
69_2015,test
70_1990,train
70_1991,train
70_1992,train
70_1993,train
70_1994,train
70_1995,train
70_1996,train
70_1997,train
70_1998,train
70_1999,train
70_2000,train
70_2001,train
70_2002,train
70_2003,train
70_2004,train
70_2005,train
70_2006,train
70_2007,train
70_2008,train
70_2009,train
70_2010,train
70_2011,train
70_2012,validation
70_2013,validation
70_2014,test
70_2015,test
71_1990,train
71_1991,train
71_1992,train
71_1993,train
71_1994,train
71_1995,train
71_1996,train
71_1997,train
71_1998,train
71_1999,train
71_2000,train
71_2001,train
71_2002,train
71_2003,train
71_2004,train
71_2005,train
71_2006,train
71_2007,train
71_2008,train
71_2009,train
71_2010,train
71_2011,train
71_2012,validation
71_2013,validation
71_2014,test
71_2015,test
72_1990,train
72_1991,train
72_1992,train
72_1993,train
72_1994,train
72_1995,train
72_1996,train
72_1997,train
72_1998,train
72_1999,train
72_2000,train
72_2001,train
72_2002,train
72_2003,train
72_2004,train
72_2005,train
72_2006,train
72_2007,train
72_2008,train
72_2009,train
72_2010,train
72_2011,train
72_2012,validation
72_2013,validation
72_2014,test
72_2015,test
73_1990,train
73_1991,train
73_1992,train
73_1993,train
73_1994,train
73_1995,train
73_1996,train
73_1997,train
73_1998,train
73_1999,train
73_2000,train
73_2001,train
73_2002,train
73_2003,train
73_2004,train
73_2005,train
73_2006,train
73_2007,train
73_2008,train
73_2009,train
73_2010,train
73_2011,train
73_2012,validation
73_2013,validation
73_2014,test
73_2015,test
74_1990,train
74_1991,train
74_1992,train
74_1993,train
74_1994,train
74_1995,train
74_1996,train
74_1997,train
74_1998,train
74_1999,train
74_2000,train
74_2001,train
74_2002,train
74_2003,train
74_2004,train
74_2005,train
74_2006,train
74_2007,train
74_2008,train
74_2009,train
74_2010,train
74_2011,train
74_2012,validation
74_2013,validation
74_2014,test
74_2015,test
75_1990,train
75_1991,train
75_1992,train
75_1993,train
75_1994,train
75_1995,train
75_1996,train
75_1997,train
75_1998,train
75_1999,train
75_2000,train
75_2001,train
75_2002,train
75_2003,train
75_2004,train
75_2005,train
75_2006,train
75_2007,train
75_2008,train
75_2009,train
75_2010,train
75_2011,train
75_2012,validation
75_2013,validation
75_2014,test
75_2015,test
76_1990,train
76_1991,train
76_1992,train
76_1993,train
76_1994,train
76_1995,train
76_1996,train
76_1997,train
76_1998,train
76_1999,train
76_2000,train
76_2001,train
76_2002,train
76_2003,train
76_2004,train
76_2005,train
76_2006,train
76_2007,train
76_2008,train
76_2009,train
76_2010,train
76_2011,train
76_2012,validation
76_2013,validation
76_2014,test
76_2015,test
77_1990,train
77_1991,train
77_1992,train
77_1993,train
77_1994,train
77_1995,train
77_1996,train
77_1997,train
77_1998,train
77_1999,train
77_2000,train
77_2001,train
77_2002,train
77_2003,train
77_2004,train
77_2005,train
77_2006,train
77_2007,train
77_2008,train
77_2009,train
77_2010,train
77_2011,train
77_2012,validation
77_2013,validation
77_2014,test
77_2015,test
78_1990,train
78_1991,train
78_1992,train
78_1993,train
78_1994,train
78_1995,train
78_1996,train
78_1997,train
78_1998,train
78_1999,train
78_2000,train
78_2001,train
78_2002,train
78_2003,train
78_2004,train
78_2005,train
78_2006,train
78_2007,train
78_2008,train
78_2009,train
78_2010,train
78_2011,train
78_2012,validation
78_2013,validation
78_2014,test
78_2015,test
79_1990,train
79_1991,train
79_1992,train
79_1993,train
79_1994,train
79_1995,train
79_1996,train
79_1997,train
79_1998,train
79_1999,train
79_2000,train
79_2001,train
79_2002,train
79_2003,train
79_2004,train
79_2005,train
79_2006,train
79_2007,train
79_2008,train
79_2009,train
79_2010,train
79_2011,train
79_2012,validation
79_2013,validation
79_2014,test
79_2015,test
80_1990,train
80_1991,train
80_1992,train
80_1993,train
80_1994,train
80_1995,train
80_1996,train
80_1997,train
80_1998,train
80_1999,train
80_2000,train
80_2001,train
80_2002,train
80_2003,train
80_2004,train
80_2005,train
80_2006,train
80_2007,train
80_2008,train
80_2009,train
80_2010,train
80_2011,train
80_2012,validation
80_2013,validation
80_2014,test
80_2015,test
81_1990,train
81_1991,train
81_1992,train
81_1993,train
81_1994,train
81_1995,train
81_1996,train
81_1997,train
81_1998,train
81_1999,train
81_2000,train
81_2001,train
81_2002,train
81_2003,train
81_2004,train
81_2005,train
81_2006,train
81_2007,train
81_2008,train
81_2009,train
81_2010,train
81_2011,train
81_2012,validation
81_2013,validation
81_2014,test
81_2015,test
82_1990,train
82_1991,train
82_1992,train
82_1993,train
82_1994,train
82_1995,train
82_1996,train
82_1997,train
82_1998,train
82_1999,train
82_2000,train
82_2001,train
82_2002,train
82_2003,train
82_2004,train
82_2005,train
82_2006,train
82_2007,train
82_2008,train
82_2009,train
82_2010,train
82_2011,train
82_2012,validation
82_2013,validation
82_2014,test
82_2015,test
83_1990,train
83_1991,train
83_1992,train
83_1993,train
83_1994,train
83_1995,train
83_1996,train
83_1997,train
83_1998,train
83_1999,train
83_2000,train
83_2001,train
83_2002,train
83_2003,train
83_2004,train
83_2005,train
83_2006,train
83_2007,train
83_2008,train
83_2009,train
83_2010,train
83_2011,train
83_2012,validation
83_2013,validation
83_2014,test
83_2015,test
84_1990,train
84_1991,train
84_1992,train
84_1993,train
84_1994,train
84_1995,train
84_1996,train
84_1997,train
84_1998,train
84_1999,train
84_2000,train
84_2001,train
84_2002,train
84_2003,train
84_2004,train
84_2005,train
84_2006,train
84_2007,train
84_2008,train
84_2009,train
84_2010,train
84_2011,train
84_2012,validation
84_2013,validation
84_2014,test
84_2015,test
85_1990,train
85_1991,train
85_1992,train
85_1993,train
85_1994,train
85_1995,train
85_1996,train
85_1997,train
85_1998,train
85_1999,train
85_2000,train
85_2001,train
85_2002,train
85_2003,train
85_2004,train
85_2005,train
85_2006,train
85_2007,train
85_2008,train
85_2009,train
85_2010,train
85_2011,train
85_2012,validation
85_2013,validation
85_2014,test
85_2015,test
86_1990,train
86_1991,train
86_1992,train
86_1993,train
86_1994,train
86_1995,train
86_1996,train
86_1997,train
86_1998,train
86_1999,train
86_2000,train
86_2001,train
86_2002,train
86_2003,train
86_2004,train
86_2005,train
86_2006,train
86_2007,train
86_2008,train
86_2009,train
86_2010,train
86_2011,train
86_2012,validation
86_2013,validation
86_2014,test
86_2015,test
87_1990,train
87_1991,train
87_1992,train
87_1993,train
87_1994,train
87_1995,train
87_1996,train
87_1997,train
87_1998,train
87_1999,train
87_2000,train
87_2001,train
87_2002,train
87_2003,train
87_2004,train
87_2005,train
87_2006,train
87_2007,train
87_2008,train
87_2009,train
87_2010,train
87_2011,train
87_2012,validation
87_2013,validation
87_2014,test
87_2015,test
88_1990,train
88_1991,train
88_1992,train
88_1993,train
88_1994,train
88_1995,train
88_1996,train
88_1997,train
88_1998,train
88_1999,train
88_2000,train
88_2001,train
88_2002,train
88_2003,train
88_2004,train
88_2005,train
88_2006,train
88_2007,train
88_2008,train
88_2009,train
88_2010,train
88_2011,train
88_2012,validation
88_2013,validation
88_2014,test
88_2015,test
89_1990,train
89_1991,train
89_1992,train
89_1993,train
89_1994,train
89_1995,train
89_1996,train
89_1997,train
89_1998,train
89_1999,train
89_2000,train
89_2001,train
89_2002,train
89_2003,train
89_2004,train
89_2005,train
89_2006,train
89_2007,train
89_2008,train
89_2009,train
89_2010,train
89_2011,train
89_2012,validation
89_2013,validation
89_2014,test
89_2015,test
90_1990,train
90_1991,train
90_1992,train
90_1993,train
90_1994,train
90_1995,train
90_1996,train
90_1997,train
90_1998,train
90_1999,train
90_2000,train
90_2001,train
90_2002,train
90_2003,train
90_2004,train
90_2005,train
90_2006,train
90_2007,train
90_2008,train
90_2009,train
90_2010,train
90_2011,train
90_2012,validation
90_2013,validation
90_2014,test
90_2015,test
91_1990,train
91_1991,train
91_1992,train
91_1993,train
91_1994,train
91_1995,train
91_1996,train
91_1997,train
91_1998,train
91_1999,train
91_2000,train
91_2001,train
91_2002,train
91_2003,train
91_2004,train
91_2005,train
91_2006,train
91_2007,train
91_2008,train
91_2009,train
91_2010,train
91_2011,train
91_2012,validation
91_2013,validation
91_2014,test
91_2015,test
92_1990,train
92_1991,train
92_1992,train
92_1993,train
92_1994,train
92_1995,train
92_1996,train
92_1997,train
92_1998,train
92_1999,train
92_2000,train
92_2001,train
92_2002,train
92_2003,train
92_2004,train
92_2005,train
92_2006,train
92_2007,train
92_2008,train
92_2009,train
92_2010,train
92_2011,train
92_2012,validation
92_2013,validation
92_2014,test
92_2015,test
93_1990,train
93_1991,train
93_1992,train
93_1993,train
93_1994,train
93_1995,train
93_1996,train
93_1997,train
93_1998,train
93_1999,train
93_2000,train
93_2001,train
93_2002,train
93_2003,train
93_2004,train
93_2005,train
93_2006,train
93_2007,train
93_2008,train
93_2009,train
93_2010,train
93_2011,train
93_2012,validation
93_2013,validation
93_2014,test
93_2015,test
94_1990,train
94_1991,train
94_1992,train
94_1993,train
94_1994,train
94_1995,train
94_1996,train
94_1997,train
94_1998,train
94_1999,train
94_2000,train
94_2001,train
94_2002,train
94_2003,train
94_2004,train
94_2005,train
94_2006,train
94_2007,train
94_2008,train
94_2009,train
94_2010,train
94_2011,train
94_2012,validation
94_2013,validation
94_2014,test
94_2015,test
95_1990,train
95_1991,train
95_1992,train
95_1993,train
95_1994,train
95_1995,train
95_1996,train
95_1997,train
95_1998,train
95_1999,train
95_2000,train
95_2001,train
95_2002,train
95_2003,train
95_2004,train
95_2005,train
95_2006,train
95_2007,train
95_2008,train
95_2009,train
95_2010,train
95_2011,train
95_2012,validation
96_1990,train
96_1991,train
96_1992,train
96_1993,train
96_1994,train
96_1995,train
96_1996,train
96_1997,train
96_1998,train
96_1999,train
96_2000,train
96_2001,train
96_2002,train
96_2003,train
96_2004,train
96_2005,train
96_2006,train
96_2007,train
96_2008,train
96_2009,train
96_2010,train
96_2011,train
96_2012,validation
96_2013,validation
96_2014,test
96_2015,test
97_1990,train
97_1991,train
97_1992,train
97_1993,train
97_1994,train
97_1995,train
97_1996,train
97_1997,train
97_1998,train
97_1999,train
97_2000,train
97_2001,train
97_2002,train
97_2003,train
97_2004,train
97_2005,train
97_2006,train
97_2007,train
97_2008,train
97_2009,train
97_2010,train
97_2011,train
97_2012,validation
97_2013,validation
97_2014,test
97_2015,test
98_1990,train
98_1991,train
98_1992,train
98_1993,train
98_1994,train
98_1995,train
98_1996,train
98_1997,train
98_1998,train
98_1999,train
98_2000,train
98_2001,train
98_2002,train
98_2003,train
98_2004,train
98_2005,train
98_2006,train
98_2007,train
98_2008,train
98_2009,train
98_2010,train
98_2011,train
98_2012,validation
98_2013,validation
98_2014,test
98_2015,test
99_1990,train
99_1991,train
99_1992,train
99_1993,train
99_1994,train
99_1995,train
99_1996,train
99_1997,train
99_1998,train
99_1999,train
99_2000,train
99_2001,train
99_2002,train
99_2003,train
99_2004,train
99_2005,train
99_2006,train
99_2007,train
99_2008,train
99_2009,train
99_2010,train
99_2011,train
99_2012,validation
99_2013,validation
99_2014,test
99_2015,test
100_1990,train
100_1991,train
100_1992,train
100_1993,train
100_1994,train
100_1995,train
100_1996,train
100_1997,train
100_1998,train
100_1999,train
100_2000,train
100_2001,train
100_2002,train
100_2003,train
100_2004,train
100_2005,train
100_2006,train
100_2007,train
100_2008,train
100_2009,train
100_2010,train
100_2011,train
100_2012,validation
100_2013,validation
100_2014,test
100_2015,test
101_1990,train
101_1991,train
101_1992,train
101_1993,train
101_1994,train
101_1995,train
101_1996,train
101_1997,train
101_1998,train
101_1999,train
101_2000,train
101_2001,train
101_2002,train
101_2003,train
101_2004,train
101_2005,train
101_2006,train
101_2007,train
101_2008,train
101_2009,train
101_2010,train
101_2011,train
101_2012,validation
101_2013,validation
101_2014,test
101_2015,test
102_1990,train
102_1991,train
102_1992,train
102_1993,train
102_1994,train
102_1995,train
102_1996,train
102_1997,train
102_1998,train
102_1999,train
102_2000,train
102_2001,train
102_2002,train
102_2003,train
102_2004,train
102_2005,train
102_2006,train
102_2007,train
102_2008,train
102_2009,train
102_2010,train
102_2011,train
102_2012,validation
102_2013,validation
102_2014,test
102_2015,test
103_1990,train
103_1991,train
103_1992,train
103_1993,train
103_1994,train
103_1995,train
103_1996,train
103_1997,train
103_1998,train
103_1999,train
103_2000,train
103_2001,train
103_2002,train
103_2003,train
103_2004,train
103_2005,train
103_2006,train
103_2007,train
103_2008,train
103_2009,train
103_2010,train
103_2011,train
103_2012,validation
103_2013,validation
103_2014,test
103_2015,test
104_1990,train
104_1991,train
104_1992,train
104_1993,train
104_1994,train
104_1995,train
104_1996,train
104_1997,train
104_1998,train
104_1999,train
104_2000,train
104_2001,train
104_2002,train
104_2003,train
104_2004,train
104_2005,train
104_2006,train
104_2007,train
104_2008,train
104_2009,train
104_2010,train
104_2011,train
104_2012,validation
104_2013,validation
104_2014,test
104_2015,test
105_1990,train
105_1991,train
105_1992,train
105_1993,train
105_1994,train
105_1995,train
105_1996,train
105_1997,train
105_1998,train
105_1999,train
105_2000,train
105_2001,train
105_2002,train
105_2003,train
105_2004,train
105_2005,train
105_2006,train
105_2007,train
105_2008,train
105_2009,train
105_2010,train
105_2011,train
105_2012,validation
105_2013,validation
105_2014,test
105_2015,test
106_1990,train
106_1991,train
106_1992,train
106_1993,train
106_1994,train
106_1995,train
106_1996,train
106_1997,train
106_1998,train
106_1999,train
106_2000,train
106_2001,train
106_2002,train
106_2003,train
106_2004,train
106_2005,train
106_2006,train
106_2007,train
106_2008,train
106_2009,train
106_2010,train
106_2011,train
106_2012,validation
106_2013,validation
106_2014,test
106_2015,test
107_1990,train
107_1991,train
107_1992,train
107_1993,train
107_1994,train
107_1995,train
107_1996,train
107_1997,train
107_1998,train
107_1999,train
107_2000,train
107_2001,train
107_2002,train
107_2003,train
107_2004,train
107_2005,train
107_2006,train
107_2007,train
107_2008,train
107_2009,train
107_2010,train
107_2011,train
107_2012,validation
107_2013,validation
107_2014,test
107_2015,test
108_1990,train
108_1991,train
108_1992,train
108_1993,train
108_1994,train
108_1995,train
108_1996,train
108_1997,train
108_1998,train
108_1999,train
108_2000,train
108_2001,train
108_2002,train
108_2003,train
108_2004,train
108_2005,train
108_2006,train
108_2007,train
108_2008,train
108_2009,train
108_2010,train
108_2011,train
108_2012,validation
108_2013,validation
108_2014,test
108_2015,test
109_1990,train
109_1991,train
109_1992,train
109_1993,train
109_1994,train
109_1995,train
109_1996,train
109_1997,train
109_1998,train
109_1999,train
109_2000,train
109_2001,train
109_2002,train
109_2003,train
109_2004,train
109_2005,train
109_2006,train
109_2007,train
109_2008,train
109_2009,train
109_2010,train
109_2011,train
109_2012,validation
109_2013,validation
109_2014,test
109_2015,test
110_1990,train
110_1991,train
110_1992,train
110_1993,train
110_1994,train
110_1995,train
110_1996,train
110_1997,train
110_1998,train
110_1999,train
110_2000,train
110_2001,train
110_2002,train
110_2003,train
110_2004,train
110_2005,train
110_2006,train
110_2007,train
110_2008,train
110_2009,train
110_2010,train
110_2011,train
110_2012,validation
110_2013,validation
110_2014,test
110_2015,test
111_1990,train
111_1991,train
111_1992,train
111_1993,train
111_1994,train
111_1995,train
111_1996,train
111_1997,train
111_1998,train
111_1999,train
111_2000,train
111_2001,train
111_2002,train
111_2003,train
111_2004,train
111_2005,train
111_2006,train
111_2007,train
111_2008,train
111_2009,train
111_2010,train
111_2011,train
111_2012,validation
111_2013,validation
111_2014,test
111_2015,test
112_1990,train
112_1991,train
112_1992,train
112_1993,train
112_1994,train
112_1995,train
112_1996,train
112_1997,train
112_1998,train
112_1999,train
112_2000,train
112_2001,train
112_2002,train
112_2003,train
112_2004,train
112_2005,train
112_2006,train
112_2007,train
112_2008,train
112_2009,train
112_2010,train
112_2011,train
112_2012,validation
112_2013,validation
112_2014,test
112_2015,test
113_1990,train
113_1991,train
113_1992,train
113_1993,train
113_1994,train
113_1995,train
113_1996,train
113_1997,train
113_1998,train
113_1999,train
113_2000,train
113_2001,train
113_2002,train
113_2003,train
113_2004,train
113_2005,train
113_2006,train
113_2007,train
113_2008,train
113_2009,train
113_2010,train
113_2011,train
113_2012,validation
113_2013,validation
113_2014,test
113_2015,test
114_1990,train
114_1991,train
114_1992,train
114_1993,train
114_1994,train
114_1995,train
114_1996,train
114_1997,train
114_1998,train
114_1999,train
114_2000,train
114_2001,train
114_2002,train
114_2003,train
114_2004,train
114_2005,train
114_2006,train
114_2007,train
114_2008,train
114_2009,train
114_2010,train
114_2011,train
114_2012,validation
114_2013,validation
114_2014,test
114_2015,test
115_1990,train
115_1991,train
115_1992,train
115_1993,train
115_1994,train
115_1995,train
115_1996,train
115_1997,train
115_1998,train
115_1999,train
115_2000,train
115_2001,train
115_2002,train
115_2003,train
115_2004,train
115_2005,train
115_2006,train
115_2007,train
115_2008,train
115_2009,train
115_2010,train
115_2011,train
115_2012,validation
115_2013,validation
115_2014,test
115_2015,test
116_1990,train
116_1991,train
116_1992,train
116_1993,train
116_1994,train
116_1995,train
116_1996,train
116_1997,train
116_1998,train
116_1999,train
116_2000,train
116_2001,train
116_2002,train
116_2003,train
116_2004,train
116_2005,train
116_2006,train
116_2007,train
116_2008,train
116_2009,train
116_2010,train
116_2011,train
116_2012,validation
116_2013,validation
116_2014,test
116_2015,test
117_1990,train
117_1991,train
117_1992,train
117_1993,train
117_1994,train
117_1995,train
117_1996,train
117_1997,train
117_1998,train
117_1999,train
117_2000,train
117_2001,train
117_2002,train
117_2003,train
117_2004,train
117_2005,train
117_2006,train
117_2007,train
117_2008,train
117_2009,train
117_2010,train
117_2011,train
117_2012,validation
117_2013,validation
117_2014,test
117_2015,test
118_1990,train
118_1991,train
118_1992,train
118_1993,train
118_1994,train
118_1995,train
118_1996,train
118_1997,train
118_1998,train
118_1999,train
118_2000,train
118_2001,train
118_2002,train
118_2003,train
118_2004,train
118_2005,train
118_2006,train
118_2007,train
118_2008,train
118_2009,train
118_2010,train
118_2011,train
118_2012,validation
118_2013,validation
118_2014,test
118_2015,test
119_1990,train
119_1991,train
119_1992,train
119_1993,train
119_1994,train
119_1995,train
119_1996,train
119_1997,train
119_1998,train
119_1999,train
119_2000,train
119_2001,train
119_2002,train
119_2003,train
119_2004,train
119_2005,train
119_2006,train
119_2007,train
119_2008,train
119_2009,train
119_2010,train
119_2011,train
119_2012,validation
119_2013,validation
119_2014,test
119_2015,test
120_1990,train
120_1991,train
120_1992,train
120_1993,train
120_1994,train
120_1995,train
120_1996,train
120_1997,train
120_1998,train
120_1999,train
120_2000,train
120_2001,train
120_2002,train
120_2003,train
120_2004,train
120_2005,train
120_2006,train
120_2007,train
120_2008,train
120_2009,train
120_2010,train
120_2011,train
120_2012,validation
120_2013,validation
120_2014,test
120_2015,test
121_1990,train
121_1991,train
121_1992,train
121_1993,train
121_1994,train
121_1995,train
121_1996,train
121_1997,train
121_1998,train
121_1999,train
121_2000,train
121_2001,train
121_2002,train
121_2003,train
121_2004,train
121_2005,train
121_2006,train
121_2007,train
121_2008,train
121_2009,train
121_2010,train
121_2011,train
121_2012,validation
121_2013,validation
121_2014,test
121_2015,test
122_1990,train
122_1991,train
122_1992,train
122_1993,train
122_1994,train
122_1995,train
122_1996,train
122_1997,train
122_1998,train
122_1999,train
122_2000,train
122_2001,train
122_2002,train
122_2003,train
122_2004,train
122_2005,train
122_2006,train
122_2007,train
122_2008,train
122_2009,train
122_2010,train
122_2011,train
122_2012,validation
122_2013,validation
122_2014,test
122_2015,test
123_1990,train
123_1991,train
123_1992,train
123_1993,train
123_1994,train
123_1995,train
123_1996,train
123_1997,train
123_1998,train
123_1999,train
123_2000,train
123_2001,train
123_2002,train
123_2003,train
123_2004,train
123_2005,train
123_2006,train
123_2007,train
123_2008,train
123_2009,train
123_2010,train
123_2011,train
123_2012,validation
123_2013,validation
123_2014,test
123_2015,test
124_1990,train
124_1991,train
124_1992,train
124_1993,train
124_1994,train
124_1995,train
124_1996,train
124_1997,train
124_1998,train
124_1999,train
124_2000,train
124_2001,train
124_2002,train
124_2003,train
124_2004,train
124_2005,train
124_2006,train
124_2007,train
124_2008,train
124_2009,train
124_2010,train
124_2011,train
124_2012,validation
124_2013,validation
124_2014,test
124_2015,test
125_1990,train
125_1991,train
125_1992,train
125_1993,train
125_1994,train
125_1995,train
125_1996,train
125_1997,train
125_1998,train
125_1999,train
125_2000,train
125_2001,train
125_2002,train
125_2003,train
125_2004,train
125_2005,train
125_2006,train
125_2007,train
125_2008,train
125_2009,train
125_2010,train
125_2011,train
125_2012,validation
125_2013,validation
125_2014,test
125_2015,test
126_1990,train
126_1991,train
126_1992,train
126_1993,train
126_1994,train
126_1995,train
126_1996,train
126_1997,train
126_1998,train
126_1999,train
126_2000,train
126_2001,train
126_2002,train
126_2003,train
126_2004,train
126_2005,train
126_2006,train
126_2007,train
126_2008,train
126_2009,train
126_2010,train
126_2011,train
126_2012,validation
126_2013,validation
126_2014,test
126_2015,test
127_1990,train
127_1991,train
127_1992,train
127_1993,train
127_1994,train
127_1995,train
127_1996,train
127_1997,train
127_1998,train
127_1999,train
127_2000,train
127_2001,train
127_2002,train
127_2003,train
127_2004,train
127_2005,train
127_2006,train
127_2007,train
127_2008,train
127_2009,train
127_2010,train
127_2011,train
127_2012,validation
127_2013,validation
127_2014,test
127_2015,test
128_1990,train
128_1991,train
128_1992,train
128_1993,train
128_1994,train
128_1995,train
128_1996,train
128_1997,train
128_1998,train
128_1999,train
128_2000,train
128_2001,train
128_2002,train
128_2003,train
128_2004,train
128_2005,train
128_2006,train
128_2007,train
128_2008,train
128_2009,train
128_2010,train
128_2011,train
128_2012,validation
128_2013,validation
128_2014,test
128_2015,test
129_1990,train
129_1991,train
129_1992,train
129_1993,train
129_1994,train
129_1995,train
129_1996,train
129_1997,train
129_1998,train
129_1999,train
129_2000,train
129_2001,train
129_2002,train
129_2003,train
129_2004,train
129_2005,train
129_2006,train
129_2007,train
129_2008,train
129_2009,train
129_2010,train
129_2011,train
129_2012,validation
129_2013,validation
129_2014,test
129_2015,test
130_1990,train
130_1991,train
130_1992,train
130_1993,train
130_1994,train
130_1995,train
130_1996,train
130_1997,train
130_1998,train
130_1999,train
130_2000,train
130_2001,train
130_2002,train
130_2003,train
130_2004,train
130_2005,train
130_2006,train
130_2007,train
130_2008,train
130_2009,train
130_2010,train
130_2011,train
130_2012,validation
130_2013,validation
130_2014,test
130_2015,test
131_1990,train
131_1991,train
131_1992,train
131_1993,train
131_1994,train
131_1995,train
131_1996,train
131_1997,train
131_1998,train
131_1999,train
131_2000,train
131_2001,train
131_2002,train
131_2003,train
131_2004,train
131_2005,train
131_2006,train
131_2007,train
131_2008,train
131_2009,train
131_2010,train
131_2011,train
131_2012,validation
131_2013,validation
131_2014,test
131_2015,test
132_1990,train
132_1991,train
132_1992,train
132_1993,train
132_1994,train
132_1995,train
132_1996,train
132_1997,train
132_1998,train
132_1999,train
132_2000,train
132_2001,train
132_2002,train
132_2003,train
132_2004,train
132_2005,train
132_2006,train
132_2007,train
132_2008,train
132_2009,train
132_2010,train
132_2011,train
132_2012,validation
132_2013,validation
132_2014,test
132_2015,test
133_1990,train
133_1991,train
133_1992,train
133_1993,train
133_1994,train
133_1995,train
133_1996,train
133_1997,train
133_1998,train
133_1999,train
133_2000,train
133_2001,train
133_2002,train
133_2003,train
133_2004,train
133_2005,train
133_2006,train
133_2007,train
133_2008,train
133_2009,train
133_2010,train
133_2011,train
133_2012,validation
133_2013,validation
133_2014,test
133_2015,test
134_1990,train
134_1991,train
134_1992,train
134_1993,train
134_1994,train
134_1995,train
134_1996,train
134_1997,train
134_1998,train
134_1999,train
134_2000,train
134_2001,train
134_2002,train
134_2003,train
134_2004,train
134_2005,train
134_2006,train
134_2007,train
134_2008,train
134_2009,train
134_2010,train
134_2011,train
134_2012,validation
134_2013,validation
134_2014,test
134_2015,test
135_1990,train
135_1991,train
135_1992,train
135_1993,train
135_1994,train
135_1995,train
135_1996,train
135_1997,train
135_1998,train
135_1999,train
135_2000,train
135_2001,train
135_2002,train
135_2003,train
135_2004,train
135_2005,train
135_2006,train
135_2007,train
135_2008,train
135_2009,train
135_2010,train
135_2011,train
135_2012,validation
135_2013,validation
135_2014,test
135_2015,test
136_1990,train
136_1991,train
136_1992,train
136_1993,train
136_1994,train
136_1995,train
136_1996,train
136_1997,train
136_1998,train
136_1999,train
136_2000,train
136_2001,train
136_2002,train
136_2003,train
136_2004,train
136_2005,train
136_2006,train
136_2007,train
136_2008,train
136_2009,train
136_2010,train
136_2011,train
136_2012,validation
136_2013,validation
136_2014,test
136_2015,test
137_1990,train
137_1991,train
137_1992,train
137_1993,train
137_1994,train
137_1995,train
137_1996,train
137_1997,train
137_1998,train
137_1999,train
137_2000,train
137_2001,train
137_2002,train
137_2003,train
137_2004,train
137_2005,train
137_2006,train
137_2007,train
137_2008,train
137_2009,train
137_2010,train
137_2011,train
137_2012,validation
137_2013,validation
137_2014,test
137_2015,test
138_1990,train
138_1991,train
138_1992,train
138_1993,train
138_1994,train
138_1995,train
138_1996,train
138_1997,train
138_1998,train
138_1999,train
138_2000,train
138_2001,train
138_2002,train
138_2003,train
138_2004,train
138_2005,train
138_2006,train
138_2007,train
138_2008,train
138_2009,train
138_2010,train
138_2011,train
138_2012,validation
138_2013,validation
138_2014,test
138_2015,test
139_1990,train
139_1991,train
139_1992,train
139_1993,train
139_1994,train
139_1995,train
139_1996,train
139_1997,train
139_1998,train
139_1999,train
139_2000,train
139_2001,train
139_2002,train
139_2003,train
139_2004,train
139_2005,train
139_2006,train
139_2007,train
139_2008,train
139_2009,train
139_2010,train
139_2011,train
139_2012,validation
139_2013,validation
139_2014,test
139_2015,test
140_1990,train
140_1991,train
140_1992,train
140_1993,train
140_1994,train
140_1995,train
140_1996,train
140_1997,train
140_1998,train
140_1999,train
140_2000,train
140_2001,train
140_2002,train
140_2003,train
140_2004,train
140_2005,train
140_2006,train
140_2007,train
140_2008,train
140_2009,train
140_2010,train
140_2011,train
140_2012,validation
140_2013,validation
140_2014,test
140_2015,test
141_1990,train
141_1991,train
141_1992,train
141_1993,train
141_1994,train
141_1995,train
141_1996,train
141_1997,train
141_1998,train
141_1999,train
141_2000,train
141_2001,train
141_2002,train
141_2003,train
141_2004,train
141_2005,train
141_2006,train
141_2007,train
141_2008,train
141_2009,train
141_2010,train
141_2011,train
141_2012,validation
141_2013,validation
141_2014,test
141_2015,test
142_1990,train
142_1991,train
142_1992,train
142_1993,train
142_1994,train
142_1995,train
142_1996,train
142_1997,train
142_1998,train
142_1999,train
142_2000,train
142_2001,train
142_2002,train
142_2003,train
142_2004,train
142_2005,train
142_2006,train
142_2007,train
142_2008,train
142_2009,train
142_2010,train
142_2011,train
142_2012,validation
142_2013,validation
142_2014,test
142_2015,test
143_1990,train
143_1991,train
143_1992,train
143_1993,train
143_1994,train
143_1995,train
143_1996,train
143_1997,train
143_1998,train
143_1999,train
143_2000,train
143_2001,train
143_2002,train
143_2003,train
143_2004,train
143_2005,train
143_2006,train
143_2007,train
143_2008,train
143_2009,train
143_2010,train
143_2011,train
143_2012,validation
143_2013,validation
143_2014,test
143_2015,test
144_1990,train
144_1991,train
144_1992,train
144_1993,train
144_1994,train
144_1995,train
144_1996,train
144_1997,train
144_1998,train
144_1999,train
144_2000,train
144_2001,train
144_2002,train
144_2003,train
144_2004,train
144_2005,train
144_2006,train
144_2007,train
144_2008,train
144_2009,train
144_2010,train
144_2011,train
144_2012,validation
144_2013,validation
144_2014,test
144_2015,test
145_1990,train
145_1991,train
145_1992,train
145_1993,train
145_1994,train
145_1995,train
145_1996,train
145_1997,train
145_1998,train
145_1999,train
145_2000,train
145_2001,train
145_2002,train
145_2003,train
145_2004,train
145_2005,train
145_2006,train
145_2007,train
145_2008,train
145_2009,train
145_2010,train
145_2011,train
145_2012,validation
145_2013,validation
145_2014,test
145_2015,test
146_1990,train
146_1991,train
146_1992,train
146_1993,train
146_1994,train
146_1995,train
146_1996,train
146_1997,train
146_1998,train
146_1999,train
146_2000,train
146_2001,train
146_2002,train
146_2003,train
146_2004,train
146_2005,train
146_2006,train
146_2007,train
146_2008,train
146_2009,train
146_2010,train
146_2011,train
146_2012,validation
146_2013,validation
146_2014,test
146_2015,test
147_1990,train
147_1991,train
147_1992,train
147_1993,train
147_1994,train
147_1995,train
147_1996,train
147_1997,train
147_1998,train
147_1999,train
147_2000,train
147_2001,train
147_2002,train
147_2003,train
147_2004,train
147_2005,train
147_2006,train
147_2007,train
147_2008,train
147_2009,train
147_2010,train
147_2011,train
147_2012,validation
147_2013,validation
147_2014,test
147_2015,test
148_1990,train
148_1991,train
148_1992,train
148_1993,train
148_1994,train
148_1995,train
148_1996,train
148_1997,train
148_1998,train
148_1999,train
148_2000,train
148_2001,train
148_2002,train
148_2003,train
148_2004,train
148_2005,train
148_2006,train
148_2007,train
148_2008,train
148_2009,train
148_2010,train
148_2011,train
148_2012,validation
148_2013,validation
148_2014,test
148_2015,test
149_1990,train
149_1991,train
149_1992,train
149_1993,train
149_1994,train
149_1995,train
149_1996,train
149_1997,train
149_1998,train
149_1999,train
149_2000,train
149_2001,train
149_2002,train
149_2003,train
149_2004,train
149_2005,train
149_2006,train
149_2007,train
149_2008,train
149_2009,train
149_2010,train
149_2011,train
149_2012,validation
149_2013,validation
149_2014,test
149_2015,test
150_1990,train
150_1991,train
150_1992,train
150_1993,train
150_1994,train
150_1995,train
150_1996,train
150_1997,train
150_1998,train
150_1999,train
150_2000,train
150_2001,train
150_2002,train
150_2003,train
150_2004,train
150_2005,train
150_2006,train
150_2007,train
150_2008,train
150_2009,train
150_2010,train
150_2011,train
150_2012,validation
150_2013,validation
150_2014,test
150_2015,test
151_1990,train
151_1991,train
151_1992,train
151_1993,train
151_1994,train
151_1995,train
151_1996,train
151_1997,train
151_1998,train
151_1999,train
151_2000,train
151_2001,train
151_2002,train
151_2003,train
151_2004,train
151_2005,train
151_2006,train
151_2007,train
151_2008,train
151_2009,train
151_2010,train
151_2011,train
151_2012,validation
151_2013,validation
151_2014,test
151_2015,test
152_1990,train
152_1991,train
152_1992,train
152_1993,train
152_1994,train
152_1995,train
152_1996,train
152_1997,train
152_1998,train
152_1999,train
152_2000,train
152_2001,train
152_2002,train
152_2003,train
152_2004,train
152_2005,train
152_2006,train
152_2007,train
152_2008,train
152_2009,train
152_2010,train
152_2011,train
152_2012,validation
152_2013,validation
152_2014,test
152_2015,test
153_1990,train
153_1991,train
153_1992,train
153_1993,train
153_1994,train
153_1995,train
153_1996,train
153_1997,train
153_1998,train
153_1999,train
153_2000,train
153_2001,train
153_2002,train
153_2003,train
153_2004,train
153_2005,train
153_2006,train
153_2007,train
153_2008,train
153_2009,train
153_2010,train
153_2011,train
153_2012,validation
153_2013,validation
153_2014,test
153_2015,test
154_1990,train
154_1991,train
154_1992,train
154_1993,train
154_1994,train
154_1995,train
154_1996,train
154_1997,train
154_1998,train
154_1999,train
154_2000,train
154_2001,train
154_2002,train
154_2003,train
154_2004,train
154_2005,train
154_2006,train
154_2007,train
154_2008,train
154_2009,train
154_2010,train
154_2011,train
154_2012,validation
154_2013,validation
154_2014,test
154_2015,test
155_1990,train
155_1991,train
155_1992,train
155_1993,train
155_1994,train
155_1995,train
155_1996,train
155_1997,train
155_1998,train
155_1999,train
155_2000,train
155_2001,train
155_2002,train
155_2003,train
155_2004,train
155_2005,train
155_2006,train
155_2007,train
155_2008,train
155_2009,train
155_2010,train
155_2011,train
155_2012,validation
155_2013,validation
155_2014,test
155_2015,test
156_1990,train
156_1991,train
156_1992,train
156_1993,train
156_1994,train
156_1995,train
156_1996,train
156_1997,train
156_1998,train
156_1999,train
156_2000,train
156_2001,train
156_2002,train
156_2003,train
156_2004,train
156_2005,train
156_2006,train
156_2007,train
156_2008,train
156_2009,train
156_2010,train
156_2011,train
156_2012,validation
156_2013,validation
156_2014,test
156_2015,test
157_1990,train
157_1991,train
157_1992,train
157_1993,train
157_1994,train
157_1995,train
157_1996,train
157_1997,train
157_1998,train
157_1999,train
157_2000,train
157_2001,train
157_2002,train
157_2003,train
157_2004,train
157_2005,train
157_2006,train
157_2007,train
157_2008,train
157_2009,train
157_2010,train
157_2011,train
157_2012,validation
157_2013,validation
157_2014,test
157_2015,test
158_1990,train
158_1991,train
158_1992,train
158_1993,train
158_1994,train
158_1995,train
158_1996,train
158_1997,train
158_1998,train
158_1999,train
158_2000,train
158_2001,train
158_2002,train
158_2003,train
158_2004,train
158_2005,train
158_2006,train
158_2007,train
158_2008,train
158_2009,train
158_2010,train
158_2011,train
158_2012,validation
158_2013,validation
158_2014,test
158_2015,test
159_1990,train
159_1991,train
159_1992,train
159_1993,train
159_1994,train
159_1995,train
159_1996,train
159_1997,train
159_1998,train
159_1999,train
159_2000,train
159_2001,train
159_2002,train
159_2003,train
159_2004,train
159_2005,train
159_2006,train
159_2007,train
159_2008,train
159_2009,train
159_2010,train
159_2011,train
159_2012,validation
159_2013,validation
159_2014,test
159_2015,test
160_1990,train
160_1991,train
160_1992,train
160_1993,train
160_1994,train
160_1995,train
160_1996,train
160_1997,train
160_1998,train
160_1999,train
160_2000,train
160_2001,train
160_2002,train
160_2003,train
160_2004,train
160_2005,train
160_2006,train
160_2007,train
160_2008,train
160_2009,train
160_2010,train
160_2011,train
160_2012,validation
160_2013,validation
160_2014,test
160_2015,test
161_1990,train
161_1991,train
161_1992,train
161_1993,train
161_1994,train
161_1995,train
161_1996,train
161_1997,train
161_1998,train
161_1999,train
161_2000,train
161_2001,train
161_2002,train
161_2003,train
161_2004,train
161_2005,train
161_2006,train
161_2007,train
161_2008,train
161_2009,train
161_2010,train
161_2011,train
161_2012,validation
161_2013,validation
161_2014,test
161_2015,test
162_1990,train
162_1991,train
162_1992,train
162_1993,train
162_1994,train
162_1995,train
162_1996,train
162_1997,train
162_1998,train
162_1999,train
162_2000,train
162_2001,train
162_2002,train
162_2003,train
162_2004,train
162_2005,train
162_2006,train
162_2007,train
162_2008,train
162_2009,train
162_2010,train
162_2011,train
162_2012,validation
162_2013,validation
162_2014,test
162_2015,test
163_1990,train
163_1991,train
163_1992,train
163_1993,train
163_1994,train
163_1995,train
163_1996,train
163_1997,train
163_1998,train
163_1999,train
163_2000,train
163_2001,train
163_2002,train
163_2003,train
163_2004,train
163_2005,train
163_2006,train
163_2007,train
163_2008,train
163_2009,train
163_2010,train
163_2011,train
163_2012,validation
163_2013,validation
163_2014,test
163_2015,test
164_1990,train
164_1991,train
164_1992,train
164_1993,train
164_1994,train
164_1995,train
164_1996,train
164_1997,train
164_1998,train
164_1999,train
164_2000,train
164_2001,train
164_2002,train
164_2003,train
164_2004,train
164_2005,train
164_2006,train
164_2007,train
164_2008,train
164_2009,train
164_2010,train
164_2011,train
164_2012,validation
164_2013,validation
164_2014,test
164_2015,test
165_1990,train
165_1991,train
165_1992,train
165_1993,train
165_1994,train
165_1995,train
165_1996,train
165_1997,train
165_1998,train
165_1999,train
165_2000,train
165_2001,train
165_2002,train
165_2003,train
165_2004,train
165_2005,train
165_2006,train
165_2007,train
165_2008,train
165_2009,train
165_2010,train
165_2011,train
165_2012,validation
165_2013,validation
165_2014,test
165_2015,test
166_1990,train
166_1991,train
166_1992,train
166_1993,train
166_1994,train
166_1995,train
166_1996,train
166_1997,train
166_1998,train
166_1999,train
166_2000,train
166_2001,train
166_2002,train
166_2003,train
166_2004,train
166_2005,train
166_2006,train
166_2007,train
166_2008,train
166_2009,train
166_2010,train
166_2011,train
166_2012,validation
166_2013,validation
166_2014,test
166_2015,test
167_1990,train
167_1991,train
167_1992,train
167_1993,train
167_1994,train
167_1995,train
167_1996,train
167_1997,train
167_1998,train
167_1999,train
167_2000,train
167_2001,train
167_2002,train
167_2003,train
167_2004,train
167_2005,train
167_2006,train
167_2007,train
167_2008,train
167_2009,train
167_2010,train
167_2011,train
167_2012,validation
167_2013,validation
167_2014,test
167_2015,test
168_1990,train
168_1991,train
168_1992,train
168_1993,train
168_1994,train
168_1995,train
168_1996,train
168_1997,train
168_1998,train
168_1999,train
168_2000,train
168_2001,train
168_2002,train
168_2003,train
168_2004,train
168_2005,train
168_2006,train
168_2007,train
168_2008,train
168_2009,train
168_2010,train
168_2011,train
168_2012,validation
168_2013,validation
168_2014,test
168_2015,test
169_1990,train
169_1991,train
169_1992,train
169_1993,train
169_1994,train
169_1995,train
169_1996,train
169_1997,train
169_1998,train
169_1999,train
169_2000,train
169_2001,train
169_2002,train
169_2003,train
169_2004,train
169_2005,train
169_2006,train
169_2007,train
169_2008,train
169_2009,train
169_2010,train
169_2011,train
169_2012,validation
169_2013,validation
169_2014,test
169_2015,test
170_1990,train
170_1991,train
170_1992,train
170_1993,train
170_1994,train
170_1995,train
170_1996,train
170_1997,train
170_1998,train
170_1999,train
170_2000,train
170_2001,train
170_2002,train
170_2003,train
170_2004,train
170_2005,train
170_2006,train
170_2007,train
170_2008,train
170_2009,train
170_2010,train
170_2011,train
170_2012,validation
170_2013,validation
170_2014,test
170_2015,test
171_1990,train
171_1991,train
171_1992,train
171_1993,train
171_1994,train
171_1995,train
171_1996,train
171_1997,train
171_1998,train
171_1999,train
171_2000,train
171_2001,train
171_2002,train
171_2003,train
171_2004,train
171_2005,train
171_2006,train
171_2007,train
171_2008,train
171_2009,train
171_2010,train
171_2011,train
171_2012,validation
171_2013,validation
171_2014,test
171_2015,test
172_1990,train
172_1991,train
172_1992,train
172_1993,train
172_1994,train
172_1995,train
172_1996,train
172_1997,train
172_1998,train
172_1999,train
172_2000,train
172_2001,train
172_2002,train
172_2003,train
172_2004,train
172_2005,train
172_2006,train
172_2007,train
172_2008,train
172_2009,train
172_2010,train
172_2011,train
172_2012,validation
172_2013,validation
172_2014,test
172_2015,test
174_1990,train
174_1991,train
174_1992,train
174_1993,train
174_1994,train
174_1995,train
174_1996,train
174_1997,train
174_1998,train
174_1999,train
174_2000,train
174_2001,train
174_2002,train
174_2003,train
174_2004,train
174_2005,train
174_2006,train
174_2007,train
174_2008,train
174_2009,train
174_2010,train
174_2011,train
174_2012,validation
174_2013,validation
174_2014,test
174_2015,test
175_1990,train
175_1991,train
175_1992,train
175_1993,train
175_1994,train
175_1995,train
175_1996,train
175_1997,train
175_1998,train
175_1999,train
175_2000,train
175_2001,train
175_2002,train
175_2003,train
175_2004,train
175_2005,train
175_2006,train
175_2007,train
175_2008,train
175_2009,train
175_2010,train
175_2011,train
175_2012,validation
175_2013,validation
175_2014,test
175_2015,test
176_1990,train
176_1991,train
176_1992,train
176_1993,train
176_1994,train
176_1995,train
176_1996,train
176_1997,train
176_1998,train
176_1999,train
176_2000,train
176_2001,train
176_2002,train
176_2003,train
176_2004,train
176_2005,train
176_2006,train
176_2007,train
176_2008,train
176_2009,train
176_2010,train
176_2011,train
176_2012,validation
176_2013,validation
176_2014,test
176_2015,test
177_1990,train
177_1991,train
177_1992,train
177_1993,train
177_1994,train
177_1995,train
177_1996,train
177_1997,train
177_1998,train
177_1999,train
177_2000,train
177_2001,train
177_2002,train
177_2003,train
177_2004,train
177_2005,train
177_2006,train
177_2007,train
177_2008,train
177_2009,train
177_2010,train
177_2011,train
177_2012,validation
177_2013,validation
177_2014,test
177_2015,test
180_1990,train
180_1991,train
180_1992,train
180_1993,train
180_1994,train
180_1995,train
180_1996,train
180_1997,train
180_1998,train
180_1999,train
180_2000,train
180_2001,train
180_2002,train
180_2003,train
180_2004,train
180_2005,train
180_2006,train
180_2007,train
180_2008,train
180_2009,train
180_2010,train
180_2011,train
180_2012,validation
180_2013,validation
180_2014,test
180_2015,test
181_1990,train
181_1991,train
181_1992,train
181_1993,train
181_1994,train
181_1995,train
181_1996,train
181_1997,train
181_1998,train
181_1999,train
181_2000,train
181_2001,train
181_2002,train
181_2003,train
181_2004,train
181_2005,train
181_2006,train
181_2007,train
181_2008,train
181_2009,train
181_2010,train
181_2011,train
181_2012,validation
181_2013,validation
181_2014,test
181_2015,test
182_1990,train
182_1991,train
182_1992,train
182_1993,train
182_1994,train
182_1995,train
182_1996,train
182_1997,train
182_1998,train
182_1999,train
182_2000,train
182_2001,train
182_2002,train
182_2003,train
182_2004,train
182_2005,train
182_2006,train
182_2007,train
182_2008,train
182_2009,train
182_2010,train
182_2011,train
182_2012,validation
182_2013,validation
182_2014,test
182_2015,test
183_1990,train
183_1991,train
183_1992,train
183_1993,train
183_1994,train
183_1995,train
183_1996,train
183_1997,train
183_1998,train
183_1999,train
183_2000,train
183_2001,train
183_2002,train
183_2003,train
183_2004,train
183_2005,train
183_2006,train
183_2007,train
183_2008,train
183_2009,train
183_2010,train
183_2011,train
183_2012,validation
183_2013,validation
183_2014,test
183_2015,test
184_1990,train
184_1991,train
184_1992,train
184_1993,train
184_1994,train
184_1995,train
184_1996,train
184_1997,train
184_1998,train
184_1999,train
184_2000,train
184_2001,train
184_2002,train
184_2003,train
184_2004,train
184_2005,train
184_2006,train
184_2007,train
184_2008,train
184_2009,train
184_2010,train
184_2011,train
184_2012,validation
184_2013,validation
184_2014,test
184_2015,test
186_1990,train
186_1991,train
186_1992,train
186_1993,train
186_1994,train
186_1995,train
186_1996,train
186_1997,train
186_1998,train
186_1999,train
186_2000,train
186_2001,train
186_2002,train
186_2003,train
186_2004,train
186_2005,train
186_2006,train
186_2007,train
186_2008,train
186_2009,train
186_2010,train
186_2011,train
186_2012,validation
186_2013,validation
186_2014,test
186_2015,test
189_1990,train
189_1991,train
189_1992,train
189_1993,train
189_1994,train
189_1995,train
189_1996,train
189_1997,train
189_1998,train
189_1999,train
189_2000,train
189_2001,train
189_2002,train
189_2003,train
189_2004,train
189_2005,train
189_2006,train
189_2007,train
189_2008,train
189_2009,train
189_2010,train
189_2011,train
189_2012,validation
189_2013,validation
189_2014,test
189_2015,test
190_1990,train
190_1991,train
190_1992,train
190_1993,train
190_1994,train
190_1995,train
190_1996,train
190_1997,train
190_1998,train
190_1999,train
190_2000,train
190_2001,train
190_2002,train
190_2003,train
190_2004,train
190_2005,train
190_2006,train
190_2007,train
190_2008,train
190_2009,train
190_2010,train
190_2011,train
190_2012,validation
190_2013,validation
190_2014,test
190_2015,test
191_1990,train
191_1991,train
191_1992,train
191_1993,train
191_1994,train
191_1995,train
191_1996,train
191_1997,train
191_1998,train
191_1999,train
191_2000,train
191_2001,train
191_2002,train
191_2003,train
191_2004,train
191_2005,train
191_2006,train
191_2007,train
191_2008,train
191_2009,train
191_2010,train
191_2011,train
191_2012,validation
191_2013,validation
191_2014,test
191_2015,test
192_1990,train
192_1991,train
192_1992,train
192_1993,train
192_1994,train
192_1995,train
192_1996,train
192_1997,train
192_1998,train
192_1999,train
192_2000,train
192_2001,train
192_2002,train
192_2003,train
192_2004,train
192_2005,train
192_2006,train
192_2007,train
192_2008,train
192_2009,train
192_2010,train
192_2011,train
192_2012,validation
192_2013,validation
192_2014,test
192_2015,test
194_1990,train
194_1991,train
194_1992,train
194_1993,train
194_1994,train
194_1995,train
194_1996,train
194_1997,train
194_1998,train
194_1999,train
194_2000,train
194_2001,train
194_2002,train
194_2003,train
194_2004,train
194_2005,train
194_2006,train
194_2007,train
194_2008,train
194_2009,train
194_2010,train
194_2011,train
194_2012,validation
194_2013,validation
194_2014,test
194_2015,test
195_1990,train
195_1991,train
195_1992,train
195_1993,train
195_1994,train
195_1995,train
195_1996,train
195_1997,train
195_1998,train
195_1999,train
195_2000,train
195_2001,train
195_2002,train
195_2003,train
195_2004,train
195_2005,train
195_2006,train
195_2007,train
195_2008,train
195_2009,train
195_2010,train
195_2011,train
195_2012,validation
195_2013,validation
195_2014,test
195_2015,test
196_1990,train
196_1991,train
196_1992,train
196_1993,train
196_1994,train
196_1995,train
196_1996,train
196_1997,train
196_1998,train
196_1999,train
196_2000,train
196_2001,train
196_2002,train
196_2003,train
196_2004,train
196_2005,train
196_2006,train
196_2007,train
196_2008,train
196_2009,train
196_2010,train
196_2011,train
196_2012,validation
196_2013,validation
196_2014,test
196_2015,test
197_1990,train
197_1991,train
197_1992,train
197_1993,train
197_1994,train
197_1995,train
197_1996,train
197_1997,train
197_1998,train
197_1999,train
197_2000,train
197_2001,train
197_2002,train
197_2003,train
197_2004,train
197_2005,train
197_2006,train
197_2007,train
197_2008,train
197_2009,train
197_2010,train
197_2011,train
197_2012,validation
197_2013,validation
197_2014,test
197_2015,test
198_1990,train
198_1991,train
198_1992,train
198_1993,train
198_1994,train
198_1995,train
198_1996,train
198_1997,train
198_1998,train
198_1999,train
198_2000,train
198_2001,train
198_2002,train
198_2003,train
198_2004,train
198_2005,train
198_2006,train
198_2007,train
198_2008,train
198_2009,train
198_2010,train
198_2011,train
198_2012,validation
198_2013,validation
198_2014,test
198_2015,test
199_1990,train
199_1991,train
199_1992,train
199_1993,train
199_1994,train
199_1995,train
199_1996,train
199_1997,train
199_1998,train
199_1999,train
199_2000,train
199_2001,train
199_2002,train
199_2003,train
199_2004,train
199_2005,train
199_2006,train
199_2007,train
199_2008,train
199_2009,train
199_2010,train
199_2011,train
199_2012,validation
199_2013,validation
199_2014,test
199_2015,test
200_1990,train
200_1991,train
200_1992,train
200_1993,train
200_1994,train
200_1995,train
200_1996,train
200_1997,train
200_1998,train
200_1999,train
200_2000,train
200_2001,train
200_2002,train
200_2003,train
200_2004,train
200_2005,train
200_2006,train
200_2007,train
200_2008,train
200_2009,train
200_2010,train
200_2011,train
200_2012,validation
200_2013,validation
200_2014,test
200_2015,test
201_1990,train
201_1991,train
201_1992,train
201_1993,train
201_1994,train
201_1995,train
201_1996,train
201_1997,train
201_1998,train
201_1999,train
201_2000,train
201_2001,train
201_2002,train
201_2003,train
201_2004,train
201_2005,train
201_2006,train
201_2007,train
201_2008,train
201_2009,train
201_2010,train
201_2011,train
201_2012,validation
201_2013,validation
201_2014,test
201_2015,test
202_1990,train
202_1991,train
202_1992,train
202_1993,train
202_1994,train
202_1995,train
202_1996,train
202_1997,train
202_1998,train
202_1999,train
202_2000,train
202_2001,train
202_2002,train
202_2003,train
202_2004,train
202_2005,train
202_2006,train
202_2007,train
202_2008,train
202_2009,train
202_2010,train
202_2011,train
202_2012,validation
202_2013,validation
202_2014,test
202_2015,test
203_1990,train
203_1991,train
203_1992,train
203_1993,train
203_1994,train
203_1995,train
203_1996,train
203_1997,train
203_1998,train
203_1999,train
203_2000,train
203_2001,train
203_2002,train
203_2003,train
203_2004,train
203_2005,train
203_2006,train
203_2007,train
203_2008,train
203_2009,train
203_2010,train
203_2011,train
203_2012,validation
203_2013,validation
203_2014,test
203_2015,test
204_1990,train
204_1991,train
204_1992,train
204_1993,train
204_1994,train
204_1995,train
204_1996,train
204_1997,train
204_1998,train
204_1999,train
204_2000,train
204_2001,train
204_2002,train
204_2003,train
204_2004,train
204_2005,train
204_2006,train
204_2007,train
204_2008,train
204_2009,train
204_2010,train
204_2011,train
204_2012,validation
204_2013,validation
204_2014,test
204_2015,test
205_1990,train
205_1991,train
205_1992,train
205_1993,train
205_1994,train
205_1995,train
205_1996,train
205_1997,train
205_1998,train
205_1999,train
205_2000,train
205_2001,train
205_2002,train
205_2003,train
205_2004,train
205_2005,train
205_2006,train
205_2007,train
205_2008,train
205_2009,train
205_2010,train
205_2011,train
205_2012,validation
205_2013,validation
205_2014,test
205_2015,test
206_1990,train
206_1991,train
206_1992,train
206_1993,train
206_1994,train
206_1995,train
206_1996,train
206_1997,train
206_1998,train
206_1999,train
206_2000,train
206_2001,train
206_2002,train
206_2003,train
206_2004,train
206_2005,train
206_2006,train
206_2007,train
206_2008,train
206_2009,train
206_2010,train
206_2011,train
206_2012,validation
206_2013,validation
206_2014,test
206_2015,test
207_1990,train
207_1991,train
207_1992,train
207_1993,train
207_1994,train
207_1995,train
207_1996,train
207_1997,train
207_1998,train
207_1999,train
207_2000,train
207_2001,train
207_2002,train
207_2003,train
207_2004,train
207_2005,train
207_2006,train
207_2007,train
207_2008,train
207_2009,train
207_2010,train
207_2011,train
207_2012,validation
207_2013,validation
207_2014,test
207_2015,test
208_1990,train
208_1991,train
208_1992,train
208_1993,train
208_1994,train
208_1995,train
208_1996,train
208_1997,train
208_1998,train
208_1999,train
208_2000,train
208_2001,train
208_2002,train
208_2003,train
208_2004,train
208_2005,train
208_2006,train
208_2007,train
208_2008,train
208_2009,train
208_2010,train
208_2011,train
208_2012,validation
208_2013,validation
208_2014,test
208_2015,test
209_1990,train
209_1991,train
209_1992,train
209_1993,train
209_1994,train
209_1995,train
209_1996,train
209_1997,train
209_1998,train
209_1999,train
209_2000,train
209_2001,train
209_2002,train
209_2003,train
209_2004,train
209_2005,train
209_2006,train
209_2007,train
209_2008,train
209_2009,train
209_2010,train
209_2011,train
209_2012,validation
209_2013,validation
209_2014,test
209_2015,test
210_1990,train
210_1991,train
210_1992,train
210_1993,train
210_1994,train
210_1995,train
210_1996,train
210_1997,train
210_1998,train
210_1999,train
210_2000,train
210_2001,train
210_2002,train
210_2003,train
210_2004,train
210_2005,train
210_2006,train
210_2007,train
210_2008,train
210_2009,train
210_2010,train
210_2011,train
210_2012,validation
210_2013,validation
210_2014,test
210_2015,test
211_1990,train
211_1991,train
211_1992,train
211_1993,train
211_1994,train
211_1995,train
211_1996,train
211_1997,train
211_1998,train
211_1999,train
211_2000,train
211_2001,train
211_2002,train
211_2003,train
211_2004,train
211_2005,train
211_2006,train
211_2007,train
211_2008,train
211_2009,train
211_2010,train
211_2011,train
211_2012,validation
211_2013,validation
211_2014,test
211_2015,test
213_1990,train
213_1991,train
213_1992,train
213_1993,train
213_1994,train
213_1995,train
213_1996,train
213_1997,train
213_1998,train
213_1999,train
213_2000,train
213_2001,train
213_2002,train
213_2003,train
213_2004,train
213_2005,train
213_2006,train
213_2007,train
213_2008,train
213_2009,train
213_2010,train
213_2011,train
213_2012,validation
213_2013,validation
213_2014,test
213_2015,test
214_1990,train
214_1991,train
214_1992,train
214_1993,train
214_1994,train
214_1995,train
214_1996,train
214_1997,train
214_1998,train
214_1999,train
214_2000,train
214_2001,train
214_2002,train
214_2003,train
214_2004,train
214_2005,train
214_2006,train
214_2007,train
214_2008,train
214_2009,train
214_2010,train
214_2011,train
214_2012,validation
214_2013,validation
214_2014,test
214_2015,test
215_1990,train
215_1991,train
215_1992,train
215_1993,train
215_1994,train
215_1995,train
215_1996,train
215_1997,train
215_1998,train
215_1999,train
215_2000,train
215_2001,train
215_2002,train
215_2003,train
215_2004,train
215_2005,train
215_2006,train
215_2007,train
215_2008,train
215_2009,train
215_2010,train
215_2011,train
215_2012,validation
215_2013,validation
215_2014,test
215_2015,test
216_1990,train
216_1991,train
216_1992,train
216_1993,train
216_1994,train
216_1995,train
216_1996,train
216_1997,train
216_1998,train
216_1999,train
216_2000,train
216_2001,train
216_2002,train
216_2003,train
216_2004,train
216_2005,train
216_2006,train
216_2007,train
216_2008,train
216_2009,train
216_2010,train
216_2011,train
216_2012,validation
216_2013,validation
216_2014,test
216_2015,test
217_1990,train
217_1991,train
217_1992,train
217_1993,train
217_1994,train
217_1995,train
217_1996,train
217_1997,train
217_1998,train
217_1999,train
217_2000,train
217_2001,train
217_2002,train
217_2003,train
217_2004,train
217_2005,train
217_2006,train
217_2007,train
217_2008,train
217_2009,train
217_2010,train
217_2011,train
217_2012,validation
217_2013,validation
217_2014,test
217_2015,test
218_1990,train
218_1991,train
218_1992,train
218_1993,train
218_1994,train
218_1995,train
218_1996,train
218_1997,train
218_1998,train
218_1999,train
218_2000,train
218_2001,train
218_2002,train
218_2003,train
218_2004,train
218_2005,train
218_2006,train
218_2007,train
218_2008,train
218_2009,train
218_2010,train
218_2011,train
218_2012,validation
218_2013,validation
218_2014,test
218_2015,test
219_1990,train
219_1991,train
219_1992,train
219_1993,train
219_1994,train
219_1995,train
219_1996,train
219_1997,train
219_1998,train
219_1999,train
219_2000,train
219_2001,train
219_2002,train
219_2003,train
219_2004,train
219_2005,train
219_2006,train
219_2007,train
219_2008,train
219_2009,train
219_2010,train
219_2011,train
219_2012,validation
219_2013,validation
219_2014,test
219_2015,test
220_1990,train
220_1991,train
220_1992,train
220_1993,train
220_1994,train
220_1995,train
220_1996,train
220_1997,train
220_1998,train
220_1999,train
220_2000,train
220_2001,train
220_2002,train
220_2003,train
220_2004,train
220_2005,train
220_2006,train
220_2007,train
220_2008,train
220_2009,train
220_2010,train
220_2011,train
220_2012,validation
220_2013,validation
220_2014,test
220_2015,test
221_1990,train
221_1991,train
221_1992,train
221_1993,train
221_1994,train
221_1995,train
221_1996,train
221_1997,train
221_1998,train
221_1999,train
221_2000,train
221_2001,train
221_2002,train
221_2003,train
221_2004,train
221_2005,train
221_2006,train
221_2007,train
221_2008,train
221_2009,train
221_2010,train
221_2011,train
221_2012,validation
221_2013,validation
221_2014,test
221_2015,test
222_1990,train
222_1991,train
222_1992,train
222_1993,train
222_1994,train
222_1995,train
222_1996,train
222_1997,train
222_1998,train
222_1999,train
222_2000,train
222_2001,train
222_2002,train
222_2003,train
222_2004,train
222_2005,train
222_2006,train
222_2007,train
222_2008,train
222_2009,train
222_2010,train
222_2011,train
222_2012,validation
222_2013,validation
222_2014,test
222_2015,test
223_1990,train
223_1991,train
223_1992,train
223_1993,train
223_1994,train
223_1995,train
223_1996,train
223_1997,train
223_1998,train
223_1999,train
223_2000,train
223_2001,train
223_2002,train
223_2003,train
223_2004,train
223_2005,train
223_2006,train
223_2007,train
223_2008,train
223_2009,train
223_2010,train
223_2011,train
223_2012,validation
223_2013,validation
223_2014,test
223_2015,test
224_1990,train
224_1991,train
224_1992,train
224_1993,train
224_1994,train
224_1995,train
224_1996,train
224_1997,train
224_1998,train
224_1999,train
224_2000,train
224_2001,train
224_2002,train
224_2003,train
224_2004,train
224_2005,train
224_2006,train
224_2007,train
224_2008,train
224_2009,train
224_2010,train
224_2011,train
224_2012,validation
224_2013,validation
224_2014,test
224_2015,test
225_1990,train
225_1991,train
225_1992,train
225_1993,train
225_1994,train
225_1995,train
225_1996,train
225_1997,train
225_1998,train
225_1999,train
225_2000,train
225_2001,train
225_2002,train
225_2003,train
225_2004,train
225_2005,train
225_2006,train
225_2007,train
225_2008,train
225_2009,train
225_2010,train
225_2011,train
225_2012,validation
225_2013,validation
225_2014,test
225_2015,test
226_1990,train
226_1991,train
226_1992,train
226_1993,train
226_1994,train
226_1995,train
226_1996,train
226_1997,train
226_1998,train
226_1999,train
226_2000,train
226_2001,train
226_2002,train
226_2003,train
226_2004,train
226_2005,train
226_2006,train
226_2007,train
226_2008,train
226_2009,train
226_2010,train
226_2011,train
226_2012,validation
226_2013,validation
226_2014,test
226_2015,test
227_1990,train
227_1991,train
227_1992,train
227_1993,train
227_1994,train
227_1995,train
227_1996,train
227_1997,train
227_1998,train
227_1999,train
227_2000,train
227_2001,train
227_2002,train
227_2003,train
227_2004,train
227_2005,train
227_2006,train
227_2007,train
227_2008,train
227_2009,train
227_2010,train
227_2011,train
227_2012,validation
227_2013,validation
227_2014,test
227_2015,test
228_1990,train
228_1991,train
228_1992,train
228_1993,train
228_1994,train
228_1995,train
228_1996,train
228_1997,train
228_1998,train
228_1999,train
228_2000,train
228_2001,train
228_2002,train
228_2003,train
228_2004,train
228_2005,train
228_2006,train
228_2007,train
228_2008,train
228_2009,train
228_2010,train
228_2011,train
228_2012,validation
228_2013,validation
228_2014,test
228_2015,test
229_1990,train
229_1991,train
229_1992,train
229_1993,train
229_1994,train
229_1995,train
229_1996,train
229_1997,train
229_1998,train
229_1999,train
229_2000,train
229_2001,train
229_2002,train
229_2003,train
229_2004,train
229_2005,train
229_2006,train
229_2007,train
229_2008,train
229_2009,train
229_2010,train
229_2011,train
229_2012,validation
229_2013,validation
229_2014,test
229_2015,test
230_1990,train
230_1991,train
230_1992,train
230_1993,train
230_1994,train
230_1995,train
230_1996,train
230_1997,train
230_1998,train
230_1999,train
230_2000,train
230_2001,train
230_2002,train
230_2003,train
230_2004,train
230_2005,train
230_2006,train
230_2007,train
230_2008,train
230_2009,train
230_2010,train
230_2011,train
230_2012,validation
230_2013,validation
230_2014,test
230_2015,test
231_1990,train
231_1991,train
231_1992,train
231_1993,train
231_1994,train
231_1995,train
231_1996,train
231_1997,train
231_1998,train
231_1999,train
231_2000,train
231_2001,train
231_2002,train
231_2003,train
231_2004,train
231_2005,train
231_2006,train
231_2007,train
231_2008,train
231_2009,train
231_2010,train
231_2011,train
231_2012,validation
231_2013,validation
231_2014,test
231_2015,test
232_1990,train
232_1991,train
232_1992,train
232_1993,train
232_1994,train
232_1995,train
232_1996,train
232_1997,train
232_1998,train
232_1999,train
232_2000,train
232_2001,train
232_2002,train
232_2003,train
232_2004,train
232_2005,train
232_2006,train
232_2007,train
232_2008,train
232_2009,train
232_2010,train
232_2011,train
232_2012,validation
232_2013,validation
232_2014,test
232_2015,test
233_1990,train
233_1991,train
233_1992,train
233_1993,train
233_1994,train
233_1995,train
233_1996,train
233_1997,train
233_1998,train
233_1999,train
233_2000,train
233_2001,train
233_2002,train
233_2003,train
233_2004,train
233_2005,train
233_2006,train
233_2007,train
233_2008,train
233_2009,train
233_2010,train
233_2011,train
233_2012,validation
233_2013,validation
233_2014,test
233_2015,test
234_1990,train
234_1991,train
234_1992,train
234_1993,train
234_1994,train
234_1995,train
234_1996,train
234_1997,train
234_1998,train
234_1999,train
234_2000,train
234_2001,train
234_2002,train
234_2003,train
234_2004,train
234_2005,train
234_2006,train
234_2007,train
234_2008,train
234_2009,train
234_2010,train
234_2011,train
234_2012,validation
234_2013,validation
234_2014,test
234_2015,test
235_1990,train
235_1991,train
235_1992,train
235_1993,train
235_1994,train
235_1995,train
235_1996,train
235_1997,train
235_1998,train
235_1999,train
235_2000,train
235_2001,train
235_2002,train
235_2003,train
235_2004,train
235_2005,train
235_2006,train
235_2007,train
235_2008,train
235_2009,train
235_2010,train
235_2011,train
235_2012,validation
235_2013,validation
235_2014,test
235_2015,test
236_1990,train
236_1991,train
236_1992,train
236_1993,train
236_1994,train
236_1995,train
236_1996,train
236_1997,train
236_1998,train
236_1999,train
236_2000,train
236_2001,train
236_2002,train
236_2003,train
236_2004,train
236_2005,train
236_2006,train
236_2007,train
236_2008,train
236_2009,train
236_2010,train
236_2011,train
236_2012,validation
236_2013,validation
236_2014,test
236_2015,test
237_1990,train
237_1991,train
237_1992,train
237_1993,train
237_1994,train
237_1995,train
237_1996,train
237_1997,train
237_1998,train
237_1999,train
237_2000,train
237_2001,train
237_2002,train
237_2003,train
237_2004,train
237_2005,train
237_2006,train
237_2007,train
237_2008,train
237_2009,train
237_2010,train
237_2011,train
237_2012,validation
237_2013,validation
237_2014,test
237_2015,test
238_1990,train
238_1991,train
238_1992,train
238_1993,train
238_1994,train
238_1995,train
238_1996,train
238_1997,train
238_1998,train
238_1999,train
238_2000,train
238_2001,train
238_2002,train
238_2003,train
238_2004,train
238_2005,train
238_2006,train
238_2007,train
238_2008,train
238_2009,train
238_2010,train
238_2011,train
238_2012,validation
238_2013,validation
238_2014,test
238_2015,test
239_1990,train
239_1991,train
239_1992,train
239_1993,train
239_1994,train
239_1995,train
239_1996,train
239_1997,train
239_1998,train
239_1999,train
239_2000,train
239_2001,train
239_2002,train
239_2003,train
239_2004,train
239_2005,train
239_2006,train
239_2007,train
239_2008,train
239_2009,train
239_2010,train
239_2011,train
239_2012,validation
239_2013,validation
239_2014,test
239_2015,test
240_1990,train
240_1991,train
240_1992,train
240_1993,train
240_1994,train
240_1995,train
240_1996,train
240_1997,train
240_1998,train
240_1999,train
240_2000,train
240_2001,train
240_2002,train
240_2003,train
240_2004,train
240_2005,train
240_2006,train
240_2007,train
240_2008,train
240_2009,train
240_2010,train
240_2011,train
240_2012,validation
240_2013,validation
240_2014,test
240_2015,test
241_1990,train
241_1991,train
241_1992,train
241_1993,train
241_1994,train
241_1995,train
241_1996,train
241_1997,train
241_1998,train
241_1999,train
241_2000,train
241_2001,train
241_2002,train
241_2003,train
241_2004,train
241_2005,train
241_2006,train
241_2007,train
241_2008,train
241_2009,train
241_2010,train
241_2011,train
241_2012,validation
241_2013,validation
241_2014,test
241_2015,test
242_1990,train
242_1991,train
242_1992,train
242_1993,train
242_1994,train
242_1995,train
242_1996,train
242_1997,train
242_1998,train
242_1999,train
242_2000,train
242_2001,train
242_2002,train
242_2003,train
242_2004,train
242_2005,train
242_2006,train
242_2007,train
242_2008,train
242_2009,train
242_2010,train
242_2011,train
242_2012,validation
242_2013,validation
242_2014,test
242_2015,test
243_1990,train
243_1991,train
243_1992,train
243_1993,train
243_1994,train
243_1995,train
243_1996,train
243_1997,train
243_1998,train
243_1999,train
243_2000,train
243_2001,train
243_2002,train
243_2003,train
243_2004,train
243_2005,train
243_2006,train
243_2007,train
243_2008,train
243_2009,train
243_2010,train
243_2011,train
243_2012,validation
243_2013,validation
243_2014,test
243_2015,test
244_1990,train
244_1991,train
244_1992,train
244_1993,train
244_1994,train
244_1995,train
244_1996,train
244_1997,train
244_1998,train
244_1999,train
244_2000,train
244_2001,train
244_2002,train
244_2003,train
244_2004,train
244_2005,train
244_2006,train
244_2007,train
244_2008,train
244_2009,train
244_2010,train
244_2011,train
244_2012,validation
244_2013,validation
244_2014,test
244_2015,test
601_1990,train
601_1991,train
601_1992,train
601_1993,train
601_1994,train
601_1995,train
601_1996,train
601_1997,train
601_1998,train
601_1999,train
601_2000,train
601_2001,train
601_2002,train
601_2003,train
601_2004,train
601_2005,train
601_2006,train
601_2007,train
601_2008,train
601_2009,train
601_2010,train
601_2011,train
601_2012,validation
601_2013,validation
601_2014,test
601_2015,test
602_1990,train
602_1991,train
602_1992,train
602_1993,train
602_1994,train
602_1995,train
602_1996,train
602_1997,train
602_1998,train
602_1999,train
602_2000,train
602_2001,train
602_2002,train
602_2003,train
602_2004,train
602_2005,train
602_2006,train
602_2007,train
602_2008,train
602_2009,train
602_2010,train
602_2011,train
602_2012,validation
602_2013,validation
602_2014,test
602_2015,test
603_1990,train
603_1991,train
603_1992,train
603_1993,train
603_1994,train
603_1995,train
603_1996,train
603_1997,train
603_1998,train
603_1999,train
603_2000,train
603_2001,train
603_2002,train
603_2003,train
603_2004,train
603_2005,train
603_2006,train
603_2007,train
603_2008,train
603_2009,train
603_2010,train
603_2011,train
603_2012,validation
603_2013,validation
603_2014,test
603_2015,test
604_1990,train
604_1991,train
604_1992,train
604_1993,train
604_1994,train
604_1995,train
604_1996,train
604_1997,train
604_1998,train
604_1999,train
604_2000,train
604_2001,train
604_2002,train
604_2003,train
604_2004,train
604_2005,train
604_2006,train
604_2007,train
604_2008,train
604_2009,train
604_2010,train
604_2011,train
604_2012,validation
604_2013,validation
604_2014,test
604_2015,test
605_1990,train
605_1991,train
605_1992,train
605_1993,train
605_1994,train
605_1995,train
605_1996,train
605_1997,train
605_1998,train
605_1999,train
605_2000,train
605_2001,train
605_2002,train
605_2003,train
605_2004,train
605_2005,train
605_2006,train
605_2007,train
605_2008,train
605_2009,train
605_2010,train
605_2011,train
605_2012,validation
605_2013,validation
605_2014,test
605_2015,test
606_1990,train
606_1991,train
606_1992,train
606_1993,train
606_1994,train
606_1995,train
606_1996,train
606_1997,train
606_1998,train
606_1999,train
606_2000,train
606_2001,train
606_2002,train
606_2003,train
606_2004,train
606_2005,train
606_2006,train
606_2007,train
606_2008,train
606_2009,train
606_2010,train
606_2011,train
606_2012,validation
606_2013,validation
606_2014,test
606_2015,test
607_1990,train
607_1991,train
607_1992,train
607_1993,train
607_1994,train
607_1995,train
607_1996,train
607_1997,train
607_1998,train
607_1999,train
607_2000,train
607_2001,train
607_2002,train
607_2003,train
607_2004,train
607_2005,train
607_2006,train
607_2007,train
607_2008,train
607_2009,train
607_2010,train
607_2011,train
607_2012,validation
607_2013,validation
607_2014,test
607_2015,test
608_1990,train
608_1991,train
608_1992,train
608_1993,train
608_1994,train
608_1995,train
608_1996,train
608_1997,train
608_1998,train
608_1999,train
608_2000,train
608_2001,train
608_2002,train
608_2003,train
608_2004,train
608_2005,train
608_2006,train
608_2007,train
608_2008,train
608_2009,train
608_2010,train
608_2011,train
608_2012,validation
608_2013,validation
608_2014,test
608_2015,test
609_1990,train
609_1991,train
609_1992,train
609_1993,train
609_1994,train
609_1995,train
609_1996,train
609_1997,train
609_1998,train
609_1999,train
609_2000,train
609_2001,train
609_2002,train
609_2003,train
609_2004,train
609_2005,train
609_2006,train
609_2007,train
609_2008,train
609_2009,train
609_2010,train
609_2011,train
609_2012,validation
609_2013,validation
609_2014,test
609_2015,test
610_1990,train
610_1991,train
610_1992,train
610_1993,train
610_1994,train
610_1995,train
610_1996,train
610_1997,train
610_1998,train
610_1999,train
610_2000,train
610_2001,train
610_2002,train
610_2003,train
610_2004,train
610_2005,train
610_2006,train
610_2007,train
610_2008,train
610_2009,train
610_2010,train
610_2011,train
610_2012,validation
610_2013,validation
610_2014,test
610_2015,test
626_1990,train
626_1991,train
626_1992,train
626_1993,train
626_1994,train
626_1995,train
626_1996,train
626_1997,train
626_1998,train
626_1999,train
626_2000,train
626_2001,train
626_2002,train
626_2003,train
626_2004,train
626_2005,train
626_2006,train
626_2007,train
626_2008,train
626_2009,train
626_2010,train
626_2011,train
626_2012,validation
626_2013,validation
626_2014,test
626_2015,test
627_1990,train
627_1991,train
627_1992,train
627_1993,train
627_1994,train
627_1995,train
627_1996,train
627_1997,train
627_1998,train
627_1999,train
627_2000,train
627_2001,train
627_2002,train
627_2003,train
627_2004,train
627_2005,train
627_2006,train
627_2007,train
627_2008,train
627_2009,train
627_2010,train
627_2011,train
627_2012,validation
627_2013,validation
627_2014,test
627_2015,test
629_1990,train
629_1991,train
629_1992,train
629_1993,train
629_1994,train
629_1995,train
629_1996,train
629_1997,train
629_1998,train
629_1999,train
629_2000,train
629_2001,train
629_2002,train
629_2003,train
629_2004,train
629_2005,train
629_2006,train
629_2007,train
629_2008,train
629_2009,train
629_2010,train
629_2011,train
629_2012,validation
629_2013,validation
629_2014,test
629_2015,test
630_1990,train
630_1991,train
630_1992,train
630_1993,train
630_1994,train
630_1995,train
630_1996,train
630_1997,train
630_1998,train
630_1999,train
630_2000,train
630_2001,train
630_2002,train
630_2003,train
630_2004,train
630_2005,train
630_2006,train
630_2007,train
630_2008,train
630_2009,train
630_2010,train
630_2011,train
630_2012,validation
630_2013,validation
630_2014,test
630_2015,test
631_1990,train
631_1991,train
631_1992,train
631_1993,train
631_1994,train
631_1995,train
631_1996,train
631_1997,train
631_1998,train
631_1999,train
631_2000,train
631_2001,train
631_2002,train
631_2003,train
631_2004,train
631_2005,train
631_2006,train
631_2007,train
631_2008,train
631_2009,train
631_2010,train
631_2011,train
631_2012,validation
631_2013,validation
631_2014,test
631_2015,test
632_1990,train
632_1991,train
632_1992,train
632_1993,train
632_1994,train
632_1995,train
632_1996,train
632_1997,train
632_1998,train
632_1999,train
632_2000,train
632_2001,train
632_2002,train
632_2003,train
632_2004,train
632_2005,train
632_2006,train
632_2007,train
632_2008,train
632_2009,train
632_2010,train
632_2011,train
632_2012,validation
632_2013,validation
632_2014,test
632_2015,test
633_1990,train
633_1991,train
633_1992,train
633_1993,train
633_1994,train
633_1995,train
633_1996,train
633_1997,train
633_1998,train
633_1999,train
633_2000,train
633_2001,train
633_2002,train
633_2003,train
633_2004,train
633_2005,train
633_2006,train
633_2007,train
633_2008,train
633_2009,train
633_2010,train
633_2011,train
633_2012,validation
633_2013,validation
633_2014,test
633_2015,test
634_1990,train
634_1991,train
634_1992,train
634_1993,train
634_1994,train
634_1995,train
634_1996,train
634_1997,train
634_1998,train
634_1999,train
634_2000,train
634_2001,train
634_2002,train
634_2003,train
634_2004,train
634_2005,train
634_2006,train
634_2007,train
634_2008,train
634_2009,train
634_2010,train
634_2011,train
634_2012,validation
634_2013,validation
634_2014,test
634_2015,test
635_1990,train
635_1991,train
635_1992,train
635_1993,train
635_1994,train
635_1995,train
635_1996,train
635_1997,train
635_1998,train
635_1999,train
635_2000,train
635_2001,train
635_2002,train
635_2003,train
635_2004,train
635_2005,train
635_2006,train
635_2007,train
635_2008,train
635_2009,train
635_2010,train
635_2011,train
635_2012,validation
635_2013,validation
635_2014,test
635_2015,test
636_1990,train
636_1991,train
636_1992,train
636_1993,train
636_1994,train
636_1995,train
636_1996,train
636_1997,train
636_1998,train
636_1999,train
636_2000,train
636_2001,train
636_2002,train
636_2003,train
636_2004,train
636_2005,train
636_2006,train
636_2007,train
636_2008,train
636_2009,train
636_2010,train
636_2011,train
636_2012,validation
636_2013,validation
636_2014,test
636_2015,test
651_1990,train
651_1991,train
651_1992,train
651_1993,train
651_1994,train
651_1995,train
651_1996,train
651_1997,train
651_1998,train
651_1999,train
651_2000,train
651_2001,train
651_2002,train
651_2003,train
651_2004,train
651_2005,train
651_2006,train
651_2007,train
651_2008,train
651_2009,train
651_2010,train
651_2011,train
651_2012,validation
651_2013,validation
651_2014,test
651_2015,test
652_1990,train
652_1991,train
652_1992,train
652_1993,train
652_1994,train
652_1995,train
652_1996,train
652_1997,train
652_1998,train
652_1999,train
652_2000,train
652_2001,train
652_2002,train
652_2003,train
652_2004,train
652_2005,train
652_2006,train
652_2007,train
652_2008,train
652_2009,train
652_2010,train
652_2011,train
652_2012,validation
652_2013,validation
652_2014,test
652_2015,test
653_1990,train
653_1991,train
653_1992,train
653_1993,train
653_1994,train
653_1995,train
653_1996,train
653_1997,train
653_1998,train
653_1999,train
653_2000,train
653_2001,train
653_2002,train
653_2003,train
653_2004,train
653_2005,train
653_2006,train
653_2007,train
653_2008,train
653_2009,train
653_2010,train
653_2011,train
653_2012,validation
653_2013,validation
653_2014,test
653_2015,test
655_1990,train
655_1991,train
655_1992,train
655_1993,train
655_1994,train
655_1995,train
655_1996,train
655_1997,train
655_1998,train
655_1999,train
655_2000,train
655_2001,train
655_2002,train
655_2003,train
655_2004,train
655_2005,train
655_2006,train
655_2007,train
655_2008,train
655_2009,train
655_2010,train
655_2011,train
655_2012,validation
655_2013,validation
655_2014,test
655_2015,test
656_1990,train
656_1991,train
656_1992,train
656_1993,train
656_1994,train
656_1995,train
656_1996,train
656_1997,train
656_1998,train
656_1999,train
656_2000,train
656_2001,train
656_2002,train
656_2003,train
656_2004,train
656_2005,train
656_2006,train
656_2007,train
656_2008,train
656_2009,train
656_2010,train
656_2011,train
656_2012,validation
656_2013,validation
656_2014,test
656_2015,test
657_1990,train
657_1991,train
657_1992,train
657_1993,train
657_1994,train
657_1995,train
657_1996,train
657_1997,train
657_1998,train
657_1999,train
657_2000,train
657_2001,train
657_2002,train
657_2003,train
657_2004,train
657_2005,train
657_2006,train
657_2007,train
657_2008,train
657_2009,train
657_2010,train
657_2011,train
657_2012,validation
657_2013,validation
657_2014,test
657_2015,test
658_1990,train
658_1991,train
658_1992,train
658_1993,train
658_1994,train
658_1995,train
658_1996,train
658_1997,train
658_1998,train
658_1999,train
658_2000,train
658_2001,train
658_2002,train
658_2003,train
658_2004,train
658_2005,train
658_2006,train
658_2007,train
658_2008,train
658_2009,train
658_2010,train
658_2011,train
658_2012,validation
658_2013,validation
658_2014,test
658_2015,test
659_1990,train
659_1991,train
659_1992,train
659_1993,train
659_1994,train
659_1995,train
659_1996,train
659_1997,train
659_1998,train
659_1999,train
659_2000,train
659_2001,train
659_2002,train
659_2003,train
659_2004,train
659_2005,train
659_2006,train
659_2007,train
659_2008,train
659_2009,train
659_2010,train
659_2011,train
659_2012,validation
659_2013,validation
659_2014,test
659_2015,test
660_1990,train
660_1991,train
660_1992,train
660_1993,train
660_1994,train
660_1995,train
660_1996,train
660_1997,train
660_1998,train
660_1999,train
660_2000,train
660_2001,train
660_2002,train
660_2003,train
660_2004,train
660_2005,train
660_2006,train
660_2007,train
660_2008,train
660_2009,train
660_2010,train
660_2011,train
660_2012,validation
660_2013,validation
660_2014,test
660_2015,test
661_1990,train
661_1991,train
661_1992,train
661_1993,train
661_1994,train
661_1995,train
661_1996,train
661_1997,train
661_1998,train
661_1999,train
661_2000,train
661_2001,train
661_2002,train
661_2003,train
661_2004,train
661_2005,train
661_2006,train
661_2007,train
661_2008,train
661_2009,train
661_2010,train
661_2011,train
661_2012,validation
661_2013,validation
661_2014,test
661_2015,test
701_1990,train
701_1991,train
701_1992,train
701_1993,train
701_1994,train
701_1995,train
701_1996,train
701_1997,train
701_1998,train
701_1999,train
701_2000,train
701_2001,train
701_2002,train
701_2003,train
701_2004,train
701_2005,train
701_2006,train
701_2007,train
701_2008,train
701_2009,train
701_2010,train
701_2011,train
701_2012,validation
701_2013,validation
701_2014,test
701_2015,test
702_1990,train
702_1991,train
702_1992,train
702_1993,train
702_1994,train
702_1995,train
702_1996,train
702_1997,train
702_1998,train
702_1999,train
702_2000,train
702_2001,train
702_2002,train
702_2003,train
702_2004,train
702_2005,train
702_2006,train
702_2007,train
702_2008,train
702_2009,train
702_2010,train
702_2011,train
702_2012,validation
702_2013,validation
702_2014,test
702_2015,test
703_1990,train
703_1991,train
703_1992,train
703_1993,train
703_1994,train
703_1995,train
703_1996,train
703_1997,train
703_1998,train
703_1999,train
703_2000,train
703_2001,train
703_2002,train
703_2003,train
703_2004,train
703_2005,train
703_2006,train
703_2007,train
703_2008,train
703_2009,train
703_2010,train
703_2011,train
703_2012,validation
703_2013,validation
703_2014,test
703_2015,test
704_1990,train
704_1991,train
704_1992,train
704_1993,train
704_1994,train
704_1995,train
704_1996,train
704_1997,train
704_1998,train
704_1999,train
704_2000,train
704_2001,train
704_2002,train
704_2003,train
704_2004,train
704_2005,train
704_2006,train
704_2007,train
704_2008,train
704_2009,train
704_2010,train
704_2011,train
704_2012,validation
704_2013,validation
704_2014,test
704_2015,test
705_1990,train
705_1991,train
705_1992,train
705_1993,train
705_1994,train
705_1995,train
705_1996,train
705_1997,train
705_1998,train
705_1999,train
705_2000,train
705_2001,train
705_2002,train
705_2003,train
705_2004,train
705_2005,train
705_2006,train
705_2007,train
705_2008,train
705_2009,train
705_2010,train
705_2011,train
705_2012,validation
705_2013,validation
705_2014,test
705_2015,test
706_1990,train
706_1991,train
706_1992,train
706_1993,train
706_1994,train
706_1995,train
706_1996,train
706_1997,train
706_1998,train
706_1999,train
706_2000,train
706_2001,train
706_2002,train
706_2003,train
706_2004,train
706_2005,train
706_2006,train
706_2007,train
706_2008,train
706_2009,train
706_2010,train
706_2011,train
706_2012,validation
706_2013,validation
706_2014,test
706_2015,test
707_1990,train
707_1991,train
707_1992,train
707_1993,train
707_1994,train
707_1995,train
707_1996,train
707_1997,train
707_1998,train
707_1999,train
707_2000,train
707_2001,train
707_2002,train
707_2003,train
707_2004,train
707_2005,train
707_2006,train
707_2007,train
707_2008,train
707_2009,train
707_2010,train
707_2011,train
707_2012,validation
707_2013,validation
707_2014,test
707_2015,test
708_1990,train
708_1991,train
708_1992,train
708_1993,train
708_1994,train
708_1995,train
708_1996,train
708_1997,train
708_1998,train
708_1999,train
708_2000,train
708_2001,train
708_2002,train
708_2003,train
708_2004,train
708_2005,train
708_2006,train
708_2007,train
708_2008,train
708_2009,train
708_2010,train
708_2011,train
708_2012,validation
708_2013,validation
708_2014,test
708_2015,test
709_1990,train
709_1991,train
709_1992,train
709_1993,train
709_1994,train
709_1995,train
709_1996,train
709_1997,train
709_1998,train
709_1999,train
709_2000,train
709_2001,train
709_2002,train
709_2003,train
709_2004,train
709_2005,train
709_2006,train
709_2007,train
709_2008,train
709_2009,train
709_2010,train
709_2011,train
709_2012,validation
709_2013,validation
709_2014,test
709_2015,test
710_1990,train
710_1991,train
710_1992,train
710_1993,train
710_1994,train
710_1995,train
710_1996,train
710_1997,train
710_1998,train
710_1999,train
710_2000,train
710_2001,train
710_2002,train
710_2003,train
710_2004,train
710_2005,train
710_2006,train
710_2007,train
710_2008,train
710_2009,train
710_2010,train
710_2011,train
710_2012,validation
710_2013,validation
710_2014,test
710_2015,test
711_1990,train
711_1991,train
711_1992,train
711_1993,train
711_1994,train
711_1995,train
711_1996,train
711_1997,train
711_1998,train
711_1999,train
711_2000,train
711_2001,train
711_2002,train
711_2003,train
711_2004,train
711_2005,train
711_2006,train
711_2007,train
711_2008,train
711_2009,train
711_2010,train
711_2011,train
711_2012,validation
711_2013,validation
711_2014,test
711_2015,test
712_1990,train
712_1991,train
712_1992,train
712_1993,train
712_1994,train
712_1995,train
712_1996,train
712_1997,train
712_1998,train
712_1999,train
712_2000,train
712_2001,train
712_2002,train
712_2003,train
712_2004,train
712_2005,train
712_2006,train
712_2007,train
712_2008,train
712_2009,train
712_2010,train
712_2011,train
712_2012,validation
712_2013,validation
712_2014,test
712_2015,test
713_1990,train
713_1991,train
713_1992,train
713_1993,train
713_1994,train
713_1995,train
713_1996,train
713_1997,train
713_1998,train
713_1999,train
713_2000,train
713_2001,train
713_2002,train
713_2003,train
713_2004,train
713_2005,train
713_2006,train
713_2007,train
713_2008,train
713_2009,train
713_2010,train
713_2011,train
713_2012,validation
713_2013,validation
713_2014,test
713_2015,test
800_1990,train
800_1991,train
800_1992,train
800_1993,train
800_1994,train
800_1995,train
800_1996,train
800_1997,train
800_1998,train
800_1999,train
800_2000,train
800_2001,train
800_2002,train
800_2003,train
800_2004,train
800_2005,train
800_2006,train
800_2007,train
800_2008,train
800_2009,train
800_2010,train
800_2011,train
800_2012,validation
800_2013,validation
800_2014,test
800_2015,test
803_1990,train
803_1991,train
803_1992,train
803_1993,train
803_1994,train
803_1995,train
803_1996,train
803_1997,train
803_1998,train
803_1999,train
803_2000,train
803_2001,train
803_2002,train
803_2003,train
803_2004,train
803_2005,train
803_2006,train
803_2007,train
803_2008,train
803_2009,train
803_2010,train
803_2011,train
803_2012,validation
803_2013,validation
803_2014,test
803_2015,test
804_1990,train
804_1991,train
804_1992,train
804_1993,train
804_1994,train
804_1995,train
804_1996,train
804_1997,train
804_1998,train
804_1999,train
804_2000,train
804_2001,train
804_2002,train
804_2003,train
804_2004,train
804_2005,train
804_2006,train
804_2007,train
804_2008,train
804_2009,train
804_2010,train
804_2011,train
804_2012,validation
804_2013,validation
804_2014,test
804_2015,test
805_1990,train
805_1991,train
805_1992,train
805_1993,train
805_1994,train
805_1995,train
805_1996,train
805_1997,train
805_1998,train
805_1999,train
805_2000,train
805_2001,train
805_2002,train
805_2003,train
805_2004,train
805_2005,train
805_2006,train
805_2007,train
805_2008,train
805_2009,train
805_2010,train
805_2011,train
805_2012,validation
805_2013,validation
805_2014,test
805_2015,test
806_1990,train
806_1991,train
806_1992,train
806_1993,train
806_1994,train
806_1995,train
806_1996,train
806_1997,train
806_1998,train
806_1999,train
806_2000,train
806_2001,train
806_2002,train
806_2003,train
806_2004,train
806_2005,train
806_2006,train
806_2007,train
806_2008,train
806_2009,train
806_2010,train
806_2011,train
806_2012,validation
806_2013,validation
806_2014,test
806_2015,test
807_1990,train
807_1991,train
807_1992,train
807_1993,train
807_1994,train
807_1995,train
807_1996,train
807_1997,train
807_1998,train
807_1999,train
807_2000,train
807_2001,train
807_2002,train
807_2003,train
807_2004,train
807_2005,train
807_2006,train
807_2007,train
807_2008,train
807_2009,train
807_2010,train
807_2011,train
807_2012,validation
807_2013,validation
807_2014,test
807_2015,test
810_1990,train
810_1991,train
810_1992,train
810_1993,train
810_1994,train
810_1995,train
810_1996,train
810_1997,train
810_1998,train
810_1999,train
810_2000,train
810_2001,train
810_2002,train
810_2003,train
810_2004,train
810_2005,train
810_2006,train
810_2007,train
810_2008,train
810_2009,train
810_2010,train
810_2011,train
810_2012,validation
810_2013,validation
810_2014,test
810_2015,test
811_1990,train
811_1991,train
811_1992,train
811_1993,train
811_1994,train
811_1995,train
811_1996,train
811_1997,train
811_1998,train
811_1999,train
811_2000,train
811_2001,train
811_2002,train
811_2003,train
811_2004,train
811_2005,train
811_2006,train
811_2007,train
811_2008,train
811_2009,train
811_2010,train
811_2011,train
811_2012,validation
811_2013,validation
811_2014,test
811_2015,test
812_1990,train
812_1991,train
812_1992,train
812_1993,train
812_1994,train
812_1995,train
812_1996,train
812_1997,train
812_1998,train
812_1999,train
812_2000,train
812_2001,train
812_2002,train
812_2003,train
812_2004,train
812_2005,train
812_2006,train
812_2007,train
812_2008,train
812_2009,train
812_2010,train
812_2011,train
812_2012,validation
812_2013,validation
812_2014,test
812_2015,test
813_1990,train
813_1991,train
813_1992,train
813_1993,train
813_1994,train
813_1995,train
813_1996,train
813_1997,train
813_1998,train
813_1999,train
813_2000,train
813_2001,train
813_2002,train
813_2003,train
813_2004,train
813_2005,train
813_2006,train
813_2007,train
813_2008,train
813_2009,train
813_2010,train
813_2011,train
813_2012,validation
813_2013,validation
813_2014,test
813_2015,test
814_1990,train
814_1991,train
814_1992,train
814_1993,train
814_1994,train
814_1995,train
814_1996,train
814_1997,train
814_1998,train
814_1999,train
814_2000,train
814_2001,train
814_2002,train
814_2003,train
814_2004,train
814_2005,train
814_2006,train
814_2007,train
814_2008,train
814_2009,train
814_2010,train
814_2011,train
814_2012,validation
814_2013,validation
814_2014,test
814_2015,test
816_1990,train
816_1991,train
816_1992,train
816_1993,train
816_1994,train
816_1995,train
816_1996,train
816_1997,train
816_1998,train
816_1999,train
816_2000,train
816_2001,train
816_2002,train
816_2003,train
816_2004,train
816_2005,train
816_2006,train
816_2007,train
816_2008,train
816_2009,train
816_2010,train
816_2011,train
816_2012,validation
816_2013,validation
816_2014,test
816_2015,test
817_1990,train
817_1991,train
817_1992,train
817_1993,train
817_1994,train
817_1995,train
817_1996,train
817_1997,train
817_1998,train
817_1999,train
817_2000,train
817_2001,train
817_2002,train
817_2003,train
817_2004,train
817_2005,train
817_2006,train
817_2007,train
817_2008,train
817_2009,train
817_2010,train
817_2011,train
817_2012,validation
817_2013,validation
817_2014,test
817_2015,test
818_1990,train
818_1991,train
818_1992,train
818_1993,train
818_1994,train
818_1995,train
818_1996,train
818_1997,train
818_1998,train
818_1999,train
818_2000,train
818_2001,train
818_2002,train
818_2003,train
818_2004,train
818_2005,train
818_2006,train
818_2007,train
818_2008,train
818_2009,train
818_2010,train
818_2011,train
818_2012,validation
818_2013,validation
818_2014,test
818_2015,test
822_1996,train
822_1997,train
822_1998,train
822_1999,train
822_2000,train
822_2001,train
822_2002,train
822_2003,train
822_2004,train
822_2005,train
822_2006,train
822_2007,train
822_2008,train
822_2009,train
822_2010,train
822_2011,train
822_2012,validation
822_2013,validation
822_2014,test
822_2015,test
901_1990,train
901_1991,train
901_1992,train
901_1993,train
901_1994,train
901_1995,train
901_1996,train
901_1997,train
901_1998,train
901_1999,train
901_2000,train
901_2001,train
901_2002,train
901_2003,train
901_2004,train
901_2005,train
901_2006,train
901_2007,train
901_2008,train
901_2009,train
901_2010,train
901_2011,train
901_2012,validation
901_2013,validation
901_2014,test
901_2015,test
902_1990,train
902_1991,train
902_1992,train
902_1993,train
902_1994,train
902_1995,train
902_1996,train
902_1997,train
902_1998,train
902_1999,train
902_2000,train
902_2001,train
902_2002,train
902_2003,train
902_2004,train
902_2005,train
902_2006,train
902_2007,train
902_2008,train
902_2009,train
902_2010,train
902_2011,train
902_2012,validation
902_2013,validation
902_2014,test
902_2015,test
903_1990,train
903_1991,train
903_1992,train
903_1993,train
903_1994,train
903_1995,train
903_1996,train
903_1997,train
903_1998,train
903_1999,train
903_2000,train
903_2001,train
903_2002,train
903_2003,train
903_2004,train
903_2005,train
903_2006,train
903_2007,train
903_2008,train
903_2009,train
903_2010,train
903_2011,train
903_2012,validation
903_2013,validation
903_2014,test
903_2015,test
904_1990,train
904_1991,train
904_1992,train
904_1993,train
904_1994,train
904_1995,train
904_1996,train
904_1997,train
904_1998,train
904_1999,train
904_2000,train
904_2001,train
904_2002,train
904_2003,train
904_2004,train
904_2005,train
904_2006,train
904_2007,train
904_2008,train
904_2009,train
904_2010,train
904_2011,train
904_2012,validation
904_2013,validation
904_2014,test
904_2015,test
905_1990,train
905_1991,train
905_1992,train
905_1993,train
905_1994,train
905_1995,train
905_1996,train
905_1997,train
905_1998,train
905_1999,train
905_2000,train
905_2001,train
905_2002,train
905_2003,train
905_2004,train
905_2005,train
905_2006,train
905_2007,train
905_2008,train
905_2009,train
905_2010,train
905_2011,train
905_2012,validation
905_2013,validation
905_2014,test
905_2015,test
906_1990,train
906_1991,train
906_1992,train
906_1993,train
906_1994,train
906_1995,train
906_1996,train
906_1997,train
906_1998,train
906_1999,train
906_2000,train
906_2001,train
906_2002,train
906_2003,train
906_2004,train
906_2005,train
906_2006,train
906_2007,train
906_2008,train
906_2009,train
906_2010,train
906_2011,train
906_2012,validation
906_2013,validation
906_2014,test
906_2015,test
907_1990,train
907_1991,train
907_1992,train
907_1993,train
907_1994,train
907_1995,train
907_1996,train
907_1997,train
907_1998,train
907_1999,train
907_2000,train
907_2001,train
907_2002,train
907_2003,train
907_2004,train
907_2005,train
907_2006,train
907_2007,train
907_2008,train
907_2009,train
907_2010,train
907_2011,train
907_2012,validation
907_2013,validation
907_2014,test
907_2015,test
908_1990,train
908_1991,train
908_1992,train
908_1993,train
908_1994,train
908_1995,train
908_1996,train
908_1997,train
908_1998,train
908_1999,train
908_2000,train
908_2001,train
908_2002,train
908_2003,train
908_2004,train
908_2005,train
908_2006,train
908_2007,train
908_2008,train
908_2009,train
908_2010,train
908_2011,train
908_2012,validation
908_2013,validation
908_2014,test
908_2015,test
909_1990,train
909_1991,train
909_1992,train
909_1993,train
909_1994,train
909_1995,train
909_1996,train
909_1997,train
909_1998,train
909_1999,train
909_2000,train
909_2001,train
909_2002,train
909_2003,train
909_2004,train
909_2005,train
909_2006,train
909_2007,train
909_2008,train
909_2009,train
909_2010,train
909_2011,train
909_2012,validation
909_2013,validation
909_2014,test
909_2015,test
910_1990,train
910_1991,train
910_1992,train
910_1993,train
910_1994,train
910_1997,train
910_1998,train
910_1999,train
910_2000,train
910_2001,train
910_2002,train
910_2003,train
910_2004,train
910_2005,train
910_2006,train
910_2007,train
910_2008,train
910_2009,train
910_2010,train
910_2011,train
910_2012,validation
910_2013,validation
910_2014,test
910_2015,test
911_1990,train
911_1991,train
911_1992,train
911_1993,train
911_1994,train
911_1995,train
911_1996,train
911_1997,train
911_1998,train
911_1999,train
911_2000,train
911_2001,train
911_2002,train
911_2003,train
911_2004,train
911_2005,train
911_2006,train
911_2007,train
911_2008,train
911_2009,train
911_2010,train
911_2011,train
911_2012,validation
911_2013,validation
911_2014,test
911_2015,test
912_1990,train
912_1991,train
912_1992,train
912_1993,train
912_1994,train
912_1995,train
912_1996,train
912_1997,train
912_1998,train
912_1999,train
912_2000,train
912_2001,train
912_2002,train
912_2003,train
912_2004,train
912_2005,train
912_2006,train
912_2007,train
912_2008,train
912_2009,train
912_2010,train
912_2011,train
912_2012,validation
912_2013,validation
912_2014,test
912_2015,test
913_1990,train
913_1991,train
913_1992,train
913_1993,train
913_1994,train
913_1997,train
913_1998,train
913_1999,train
913_2000,train
913_2001,train
913_2002,train
913_2003,train
913_2004,train
913_2005,train
913_2006,train
913_2007,train
913_2008,train
913_2009,train
913_2010,train
913_2011,train
913_2012,validation
913_2013,validation
913_2014,test
913_2015,test
914_1990,train
914_1991,train
914_1992,train
914_1993,train
914_1994,train
914_1997,train
914_1998,train
914_1999,train
914_2000,train
914_2001,train
914_2002,train
914_2003,train
914_2004,train
914_2005,train
914_2006,train
914_2007,train
914_2008,train
914_2009,train
914_2010,train
914_2011,train
914_2012,validation
914_2013,validation
914_2014,test
914_2015,test
915_1990,train
915_1991,train
915_1992,train
915_1993,train
915_1994,train
915_1997,train
915_1998,train
915_1999,train
915_2000,train
915_2001,train
915_2002,train
915_2003,train
915_2004,train
915_2005,train
915_2006,train
915_2007,train
915_2008,train
915_2009,train
915_2010,train
915_2011,train
915_2012,validation
915_2013,validation
915_2014,test
915_2015,test
916_1990,train
916_1991,train
916_1992,train
916_1993,train
916_1994,train
916_1997,train
916_1998,train
916_1999,train
916_2000,train
916_2001,train
916_2002,train
916_2003,train
916_2004,train
916_2005,train
916_2006,train
916_2007,train
916_2008,train
916_2009,train
916_2010,train
916_2011,train
916_2012,validation
916_2013,validation
916_2014,test
916_2015,test
917_1990,train
917_1991,train
917_1992,train
917_1993,train
917_1994,train
917_1997,train
917_1998,train
917_1999,train
917_2000,train
917_2001,train
917_2002,train
917_2003,train
917_2004,train
917_2005,train
917_2006,train
917_2007,train
917_2008,train
917_2009,train
917_2010,train
917_2011,train
917_2012,validation
917_2013,validation
917_2014,test
917_2015,test
